linker_smiles,common_name,compatible_metals,mof_ids
Brc1cc(cc(c1)C(=O)[O-])C(=O)[O-],JATKASGNRMGFSW-UHFFFAOYSA-L,Zn,Brc1cc(cc(c1)C(=O)[O-])C(=O)[O-].[Zn]
Brc1cc2[CH]N3O[B]4(ON5[Co]6783[O]3c2c(c1)[CH]N1[Co]29%103[O]7c3c([CH]5)cc(cc3[CH]N%10O[B](O1)(ON9[CH]c1c([O]82)c([CH]N6O4)cc(c1)Br)c1ccc(cc1)C(=O)[O-])Br)c1ccc(cc1)C(=O)[O-],,Zn,Brc1cc2[CH]N3O[B]4(ON5[Co]6783[O]3c2c(c1)[CH]N1[Co]29%103[O]7c3c([CH]5)cc(cc3[CH]N%10O[B](O1)(ON9[CH]c1c([O]82)c([CH]N6O4)cc(c1)Br)c1ccc(cc1)C(=O)[O-])Br)c1ccc(cc1)C(=O)[O-].[Zn][O]([Zn])([Zn])[Zn]
C(Cn1cnnn1)Cn1cnnn1,"1,3-di(tetrazol-1-yl)propane",Cu,C(Cn1cnnn1)Cn1cnnn1.[Cu]
C1=NC=C2C(=NC=N2)[N]1,Purine,Zn,C1=NC=C2C(=NC=N2)[N]1.[Zn]
C1=NC=C2C(=[N]=C[N]2)[N]1,,Zn,C1=NC=C2C(=[N]=C[N]2)[N]1.[Zn]
C=CCOc1cc(C(=O)[O-])c(cc1C(=O)[O-])OCC=C,,"Ce, Nd",C=CCOc1cc(C(=O)[O-])c(cc1C(=O)[O-])OCC=C.[Ce]; C=CCOc1cc(C(=O)[O-])c(cc1C(=O)[O-])OCC=C.[Nd]
CC(=N[N]C(=O)c1ccncc1)C(=N[N]C(=O)c1ccncc1)C,N-[3-(pyridine-4-carbonylhydrazinylidene)butan-2-ylideneamino]pyridine-4-carboxamide,Cd,CC(=N[N]C(=O)c1ccncc1)C(=N[N]C(=O)c1ccncc1)C.[Cd]
CC(=N[N]C(=S)N)c1cc(cc(c1)C(=N[N]C(=S)N)C)C(=N[N]C(=S)N)C,,Cu,CC(=N[N]C(=S)N)c1cc(cc(c1)C(=N[N]C(=S)N)C)C(=N[N]C(=S)N)C.[Cu]
CC(C(=O)Nc1cc(ccc1C(=O)[O-])C(=O)[O-])O,,Cd,CC(C(=O)Nc1cc(ccc1C(=O)[O-])C(=O)[O-])O.[Cd]
CC(C(=O)[O-])NCc1ccncc1,2-(pyridin-4-ylmethylamino)propanoate,Zn,CC(C(=O)[O-])NCc1ccncc1.[Zn]
CC(C1=NN=C([N]1)C(C)C)C,204714-20-5,Cu,CC(C1=NN=C([N]1)C(C)C)C.[Cu]
CC(C1=NN=C([N]1)C(O)C)O,"1-[3-(1-hydroxyethyl)-1H-1,2,4-triazol-5-yl]ethanol",Cu,CC(C1=NN=C([N]1)C(O)C)O.[Cu]
CCC(Oc1cc(c(cc1c1ccncc1)OC(CC)C)c1ccncc1)C,,Cd,CCC(Oc1cc(c(cc1c1ccncc1)OC(CC)C)c1ccncc1)C.[Cd]
CCOc1cc(cc(c1)C(=O)[O-])C(=O)[O-],"5-ethoxybenzene-1,3-dicarboxylate",Zn,CCOc1cc(cc(c1)C(=O)[O-])C(=O)[O-].[Zn]
CN(c1c(F)c(F)c(c(c1F)F)C1=C2C=CC(=C(c3ccc(cc3)n3ccnc3)C3=NC(=C(C4=CC=C(C(=C5N=C1C=C5)c1ccc(cc1)n1ccnc1)[N]4)c1c(F)c(F)c(c(c1F)F)N(C)C)C=C3)[N]2)C,,Fe,CN(c1c(F)c(F)c(c(c1F)F)C1=C2C=CC(=C(c3ccc(cc3)n3ccnc3)C3=NC(=C(C4=CC=C(C(=C5N=C1C=C5)c1ccc(cc1)n1ccnc1)[N]4)c1c(F)c(F)c(c(c1F)F)N(C)C)C=C3)[N]2)C.[Fe]
CN(c1cc(cc(c1)C(=O)[O-])C(=O)[O-])C,,Cu,CN(c1cc(cc(c1)C(=O)[O-])C(=O)[O-])C.[Cu][Cu]
COC(=O)c1cc(cc(c1)C(=O)[O-])C(=O)[O-],"5-methoxycarbonylbenzene-1,3-dicarboxylate",Cu,COC(=O)c1cc(cc(c1)C(=O)[O-])C(=O)[O-].[Cu][Cu]
COc1cc2Cc3cc(c4ccc(cc4)C(=O)[O-])c(cc3Cc3c(Cc2cc1c1ccc(cc1)C(=O)[O-])cc(OC)c(c3)c1ccc(cc1)C(=O)[O-])OC,,Co,COc1cc2Cc3cc(c4ccc(cc4)C(=O)[O-])c(cc3Cc3c(Cc2cc1c1ccc(cc1)C(=O)[O-])cc(OC)c(c3)c1ccc(cc1)C(=O)[O-])OC.[Co]
COc1ccc(cc1C(=O)[O-])c1ccc(c(c1)C(=O)[O-])OC,,La,COc1ccc(cc1C(=O)[O-])c1ccc(c(c1)C(=O)[O-])OC.[La]
Cc1c(c2ccc(cc2)C(=O)[O-])c(C)c(c(c1c1ccc(cc1)C(=O)[O-])C)c1ccc(cc1)C(=O)[O-],,In,Cc1c(c2ccc(cc2)C(=O)[O-])c(C)c(c(c1c1ccc(cc1)C(=O)[O-])C)c1ccc(cc1)C(=O)[O-].[In].[OH]
Cc1c(cc(c(c1c1c(C)c(cc(c1O)c1ccc(c2c1cccc2)C(=O)[O-])c1ccc(c2c1cccc2)C(=O)[O-])O)c1ccc(c2c1cccc2)C(=O)[O-])c1ccc(c2c1cccc2)C(=O)[O-],,Zr,Cc1c(cc(c(c1c1c(C)c(cc(c1O)c1ccc(c2c1cccc2)C(=O)[O-])c1ccc(c2c1cccc2)C(=O)[O-])O)c1ccc(c2c1cccc2)C(=O)[O-])c1ccc(c2c1cccc2)C(=O)[O-].[O]12[Zr]34[O]5[Zr]62[O]2[Zr]71[O]3[Zr]1389%10[O]%114[Zr]4%12%13%145[O]56[Zr]6%15%162([O]71[O]86[Zr]12[O]%10[Zr]6([O]3%114)[O]%13[Zr]([O]%125%15)([O]%161)[O]26)[O]9%14
Cc1cc(C(=O)[O-])c(c(c1C)c1c(C)c(C)cc(c1O)C(=O)[O-])O,,Zn,Cc1cc(C(=O)[O-])c(c(c1C)c1c(C)c(C)cc(c1O)C(=O)[O-])O.[Zn][O]([Zn])([Zn])[Zn]
Cc1cc(C)c(c(c1C)B(c1c(C)c(C)c(c(c1C)C)C(=O)[O-])c1c(C)c(C)c(c(c1C)C)C(=O)[O-])C,,Zn,Cc1cc(C)c(c(c1C)B(c1c(C)c(C)c(c(c1C)C)C(=O)[O-])c1c(C)c(C)c(c(c1C)C)C(=O)[O-])C.[Zn]
Cc1cc(C2=C[N]N=C2)c(cc1[C]1C=NN=C1)C,,Co,Cc1cc(C2=C[N]N=C2)c(cc1[C]1C=NN=C1)C.[Co]
Cc1cc(cc(c1)c1cc(cc(c1)C(=O)[O-])C(=O)[O-])c1cc(cc(c1)C(=O)[O-])C(=O)[O-],,Cu,Cc1cc(cc(c1)c1cc(cc(c1)C(=O)[O-])C(=O)[O-])c1cc(cc(c1)C(=O)[O-])C(=O)[O-].[Cu][Cu]
Cc1cc(ccc1c1ccc(cc1C)C(=O)[O-])C(=O)[O-],4-(4-carboxylato-2-methylphenyl)-3-methylbenzoate,"Th, U, Zr",Cc1cc(ccc1c1ccc(cc1C)C(=O)[O-])C(=O)[O-].[O]12[Th]34[O]5[Th]62[O]2[Th]71[O]4[Th]14[O]3[Th]35[O]6[Th]2([O]71)[O]43; Cc1cc(ccc1c1ccc(cc1C)C(=O)[O-])C(=O)[O-].[O]12[U]34[O]5[U]62[O]2[U]71[O]4[U]14[O]3[U]35[O]6[U]2([O]71)[O]43; Cc1cc(ccc1c1ccc(cc1C)C(=O)[O-])C(=O)[O-].[O]12[Zr]34[O]5[Zr]62[O]2[Zr]71[O]4[Zr]14[O]3[Zr]35[O]6[Zr]2([O]71)[O]43
Cc1cnccc1c1cccc(c1)C(=O)[O-],,Cu,Cc1cnccc1c1cccc(c1)C(=O)[O-].[Cu]
Cc1ncn(c1)c1cc(cc(c1)C(=O)[O-])C(=O)[O-],,"Co, Cu",Cc1ncn(c1)c1cc(cc(c1)C(=O)[O-])C(=O)[O-].[Co][Co]; Cc1ncn(c1)c1cc(cc(c1)C(=O)[O-])C(=O)[O-].[Cu][Cu]
Cl[C]1C(=O)C(=O)[C](C(=O)C1=O)Cl,"3,6-dichlorocyclohexane-1,2,4,5-tetrone","Er, Fe",Cl[C]1C(=O)C(=O)[C](C(=O)C1=O)Cl.[Er]; Cl[C]1C(=O)C(=O)[C](C(=O)C1=O)Cl.[Fe].[O]S(=O)(=O)[O]
Clc1cc(cc(c1)C(=O)[O-])C(=O)[O-],"5-chlorobenzene-1,3-dicarboxylate",Zn,Clc1cc(cc(c1)C(=O)[O-])C(=O)[O-].[Zn]
Fc1cc([C]2C=NN=C2)c(cc1[C]1C=NN=C1)F,,Co,Fc1cc([C]2C=NN=C2)c(cc1[C]1C=NN=C1)F.[Co]
Fc1cncc(c1)c1cc(cc(c1)C(=O)[O-])C(=O)[O-],,Cu,Fc1cncc(c1)c1cc(cc(c1)C(=O)[O-])C(=O)[O-].[Cu][Cu]
Ic1cc(cc(c1)C(=O)[O-])C(=O)[O-],"5-iodobenzene-1,3-dicarboxylate",Zn,Ic1cc(cc(c1)C(=O)[O-])C(=O)[O-].[Zn]
N#C[C](c1ccc(cc1)[C](C#N)C#N)C#N,p-Benzenedimalononitrile,Rh,N#C[C](c1ccc(cc1)[C](C#N)C#N)C#N.[Rh][Rh]
N#C[C]1C(=O)[C]([O])C(=C(C1=O)[O])Cl,,Fe,N#C[C]1C(=O)[C]([O])C(=C(C1=O)[O])Cl.[Fe]
N#Cc1cc(cc(c1)C(=O)[O-])C(=O)[O-],"5-cyanobenzene-1,3-dicarboxylate",Co,N#Cc1cc(cc(c1)C(=O)[O-])C(=O)[O-].[Co]
N1=C[N]N([CH]1)c1ccc(cc1)C1=NN=N[N]1,,Cu,N1=C[N]N([CH]1)c1ccc(cc1)C1=NN=N[N]1.[Cu]
N1[CH]C=C(C=C1)C1=C2C=CC(=C(C3=NC(=C(C4=CC=C(C(=C5N=C1C=C5)c1ccncc1)[N]4)C1=C[CH]NC=C1)C=C3)c1ccncc1)[N]2,,Co,N1[CH]C=C(C=C1)C1=C2C=CC(=C(C3=NC(=C(C4=CC=C(C(=C5N=C1C=C5)c1ccncc1)[N]4)C1=C[CH]NC=C1)C=C3)c1ccncc1)[N]2.[Co]
NC(=S)NN=Cc1ccncc1,{[(pyridin-4-yl)methylidene]amino}thiourea,Ag,NC(=S)NN=Cc1ccncc1.[Ag]
NC1=NC=NC2=NC=N[C]12,5H-purin-6-amine,Cu,NC1=NC=NC2=NC=N[C]12.[Cu].[Cu]1[OH]2[Cu][OH]3[Cu]4562[OH]1[Cu][OH]6[Cu][OH]5[Cu][OH]4[Cu]3
NNC(=O)NN=C(c1ccncc1)C,1-amino-3-(1-pyridin-4-ylethylideneamino)urea,Zn,NNC(=O)NN=C(c1ccncc1)C.[Zn]
Nc1c(cc(cc1c1ccc(cc1)C(=O)[O-])c1cc(c2ccc(cc2)C(=O)[O-])c(c(c1)c1ccc(cc1)C(=O)[O-])N)c1ccc(cc1)C(=O)[O-],,Zr,Nc1c(cc(cc1c1ccc(cc1)C(=O)[O-])c1cc(c2ccc(cc2)C(=O)[O-])c(c(c1)c1ccc(cc1)C(=O)[O-])N)c1ccc(cc1)C(=O)[O-].[O]12[Zr]34[O]5[Zr]62[O]2[Zr]71[O]4[Zr]14[O]3[Zr]35[O]6[Zr]2([O]71)[O]43
Nc1c(cc(cc1c1ccc(cc1)C(=O)[O-])c1ccc(cc1)C(=O)[O-])c1ccc(cc1)C(=O)[O-],,Cu,Nc1c(cc(cc1c1ccc(cc1)C(=O)[O-])c1ccc(cc1)C(=O)[O-])c1ccc(cc1)C(=O)[O-].[Cu].[Cu][Cu]
Nc1cc(cc(c1)C(=O)[O-])C(=O)[O-],"5-aminobenzene-1,3-dicarboxylate",Co,Nc1cc(cc(c1)C(=O)[O-])C(=O)[O-].[Co][OH]([Co][OH]([Co])[Co])[Co]
Nc1ccc(cc1)Cn1ncnc1,119192-10-8,Cd,Nc1ccc(cc1)Cn1ncnc1.[Cd]
Nc1cncc(c1)c1cc(cc(c1)C(=O)[O-])C(=O)[O-],,Cu,Nc1cncc(c1)c1cc(cc(c1)C(=O)[O-])C(=O)[O-].[Cu][O]([Cu])([Cu])[Cu]
Nc1cnccc1c1cc(cc(c1)C(=O)[O-])C(=O)[O-],,Co,Nc1cnccc1c1cc(cc(c1)C(=O)[O-])C(=O)[O-].[Co][OH]([Co])[Co]
Nc1cnccc1c1ccncc1,"[4,4'-Bipyridin]-3-amine",Cu,Nc1cnccc1c1ccncc1.[Cu]
Nc1nc(N)c(cc1c1cc(cc(c1)C(=O)[O-])C(=O)[O-])c1cc(cc(c1)C(=O)[O-])C(=O)[O-],,Cu,Nc1nc(N)c(cc1c1cc(cc(c1)C(=O)[O-])C(=O)[O-])c1cc(cc(c1)C(=O)[O-])C(=O)[O-].[Cu][Cu]
Nn1c(nnc1c1cccc(c1)c1ccncc1)c1cccc(c1)c1ccncc1,"3,5-bis(3-pyridin-4-ylphenyl)-1,2,4-triazol-4-amine",Cd,Nn1c(nnc1c1cccc(c1)c1ccncc1)c1cccc(c1)c1ccncc1.[Cd]
O=C(C(=O)Nc1cc(cc(c1)C(=O)[O-])C(=O)[O-])Nc1cc(cc(c1)C(=O)O)C(=O)[O-],,Cd,O=C(C(=O)Nc1cc(cc(c1)C(=O)[O-])C(=O)[O-])Nc1cc(cc(c1)C(=O)O)C(=O)[O-].[Cd]
O=C(N1CCCC1C(=O)[O-])c1cc(cc(c1)C(=O)[O-])C(=O)[O-],,Cu,O=C(N1CCCC1C(=O)[O-])c1cc(cc(c1)C(=O)[O-])C(=O)[O-].[Cu][Cu]
O=C(c1cc(cc(c1)C(=O)Nc1ccc(cc1)C(=O)[O-])C(=O)Nc1ccc(cc1)C(=O)[O-])Nc1ccc(cc1)C(=O)[O-],"4-[[3,5-bis[(4-carboxylatophenyl)carbamoyl]benzoyl]amino]benzoate","La, Y",O=C(c1cc(cc(c1)C(=O)Nc1ccc(cc1)C(=O)[O-])C(=O)Nc1ccc(cc1)C(=O)[O-])Nc1ccc(cc1)C(=O)[O-].[La]; O=C(c1cc(cc(c1)C(=O)Nc1ccc(cc1)C(=O)[O-])C(=O)Nc1ccc(cc1)C(=O)[O-])Nc1ccc(cc1)C(=O)[O-].[Y]
O=C(c1cc(cc(c1)C(=O)[O-])C(=O)[O-])Nc1cc(cc(c1)C(=O)[O-])C(=O)[O-],,Cd,O=C(c1cc(cc(c1)C(=O)[O-])C(=O)[O-])Nc1cc(cc(c1)C(=O)[O-])C(=O)[O-].[Cd]
O=C(c1ccc(cc1)C(=O)NCC(=O)[O-])NCC(=O)[O-],2-[[4-(carboxylatomethylcarbamoyl)benzoyl]amino]acetate,In,O=C(c1ccc(cc1)C(=O)NCC(=O)[O-])NCC(=O)[O-].[In].[OH]
O=C(c1ccc(cc1)C(=O)[O-])Nc1cc2ccccc2cc1NC(=O)c1ccc(cc1)C(=O)[O-],,Eu,O=C(c1ccc(cc1)C(=O)[O-])Nc1cc2ccccc2cc1NC(=O)c1ccc(cc1)C(=O)[O-].[Eu].[Eu][Eu]
O=C(c1ccc(s1)C(=O)Nc1cc(cc(c1)C(=O)[O-])C(=O)[O-])Nc1cc(cc(c1)C(=O)[O-])C(=O)[O-],,Ni,O=C(c1ccc(s1)C(=O)Nc1cc(cc(c1)C(=O)[O-])C(=O)[O-])Nc1cc(cc(c1)C(=O)[O-])C(=O)[O-].[Ni][OH2][Ni]
O=C(c1cccc(n1)C(=O)Nc1cccc(c1)C(=O)[O-])Nc1cccc(c1)C(=O)[O-],,Cu,O=C(c1cccc(n1)C(=O)Nc1cccc(c1)C(=O)[O-])Nc1cccc(c1)C(=O)[O-].[Cu][Cu]
O=C(c1ccccc1OCC(c1ccncc1)(COc1ccccc1C(=O)NCc1ccccc1)COc1ccccc1C(=O)NCc1ccccc1)NCc1ccccc1,,"Eu, Gd, Tb",O=C(c1ccccc1OCC(c1ccncc1)(COc1ccccc1C(=O)NCc1ccccc1)COc1ccccc1C(=O)NCc1ccccc1)NCc1ccccc1.[Eu]; O=C(c1ccccc1OCC(c1ccncc1)(COc1ccccc1C(=O)NCc1ccccc1)COc1ccccc1C(=O)NCc1ccccc1)NCc1ccccc1.[Gd]; O=C(c1ccccc1OCC(c1ccncc1)(COc1ccccc1C(=O)NCc1ccccc1)COc1ccccc1C(=O)NCc1ccccc1)NCc1ccccc1.[Tb]
O=C(c1ccncc1)Nc1cc(cc(c1)C(=O)[O-])C(=O)[O-],,Cu,O=C(c1ccncc1)Nc1cc(cc(c1)C(=O)[O-])C(=O)[O-].[Cu]
O=C1C(=O)C(=C1Nc1cccc(c1)C(=O)[O-])Nc1cccc(c1)C(=O)[O-],,Zn,O=C1C(=O)C(=C1Nc1cccc(c1)C(=O)[O-])Nc1cccc(c1)C(=O)[O-].[O].[Zn]
O=C1C(=O)C(=O)C1=O,"1,2,3,4-Cyclobutanetetrone",Co,O=C1C(=O)C(=O)C1=O.[Co].[OH]
O=C1N([C]2C(=NN=C2C)C)C(=O)c2c3c1ccc1c3c(cc2)C(=O)N(C1=O)[C]1C(=NN=C1C)C,,Cu,O=C1N([C]2C(=NN=C2C)C)C(=O)c2c3c1ccc1c3c(cc2)C(=O)N(C1=O)[C]1C(=NN=C1C)C.[Cu]1[OH][Cu][OH][Cu][OH][Cu][OH][Cu][OH][Cu][OH][Cu][OH][Cu][OH][Cu][OH][Cu][OH][Cu][OH][Cu][OH]1
O=C1N(c2cccc(c2)C(=O)[O-])C(=O)c2c3c1ccc1c3c(cc2)C(=O)N(C1=O)c1cccc(c1)C(=O)[O-],"3-[13-(3-carboxylatophenyl)-5,7,12,14-tetraoxo-6,13-diazatetracyclo[6.6.2.04,16.011,15]hexadeca-1(15),2,4(16),8,10-pentaen-6-yl]benzoate",Eu,O=C1N(c2cccc(c2)C(=O)[O-])C(=O)c2c3c1ccc1c3c(cc2)C(=O)N(C1=O)c1cccc(c1)C(=O)[O-].[Eu]
O=C1Nc2cc(ccc2-c2c(N1)cc(cc2)C(=O)[O-])C(=O)[O-],,Zn,O=C1Nc2cc(ccc2-c2c(N1)cc(cc2)C(=O)[O-])C(=O)[O-].[Zn][Zn]
O=C1O[Cd]2345OC(=O)c6ccc(-c7cc8c(-c9ccc1cc9)cc([O])c(-c1c(cc(-c9ccc([C](O2)O3)cc9)c2cc(-c3ccc([C](O4)O5)cc3)ccc12)[O])c8cc7)cc6,,Cd,O=C1O[Cd]2345OC(=O)c6ccc(-c7cc8c(-c9ccc1cc9)cc([O])c(-c1c(cc(-c9ccc([C](O2)O3)cc9)c2cc(-c3ccc([C](O4)O5)cc3)ccc12)[O])c8cc7)cc6.[Cd]
O=C1O[Cd]234O[C](O2)c2ccc(-c5ccc(-n6c7ccc(-c8ccc1cc8)cc7c1cc(-c7ccc([C](O3)O4)cc7)ccc61)cc5)cc2,,Cd,O=C1O[Cd]234O[C](O2)c2ccc(-c5ccc(-n6c7ccc(-c8ccc1cc8)cc7c1cc(-c7ccc([C](O3)O4)cc7)ccc61)cc5)cc2.[OH2][Cd][OH2]
O=C1c2cc(ccc2-c2c1cc(cc2)c1cc(cc(c1)C(=O)[O-])C(=O)[O-])c1cc(cc(c1)C(=O)[O-])C(=O)[O-],,"Eu, Gd, Tb",O=C1c2cc(ccc2-c2c1cc(cc2)c1cc(cc(c1)C(=O)[O-])C(=O)[O-])c1cc(cc(c1)C(=O)[O-])C(=O)[O-].[Eu]; O=C1c2cc(ccc2-c2c1cc(cc2)c1cc(cc(c1)C(=O)[O-])C(=O)[O-])c1cc(cc(c1)C(=O)[O-])C(=O)[O-].[Gd]; O=C1c2cc(ccc2-c2c1cc(cc2)c1cc(cc(c1)C(=O)[O-])C(=O)[O-])c1cc(cc(c1)C(=O)[O-])C(=O)[O-].[Tb]
O=C1c2ccc3c4c2c(C(=O)N1n1cnnc1)ccc4C(=O)N(C3=O)n1cnnc1,"2,7-BIS(4H-1,2,4-TRIAZOL-4-YL)BENZO[LMN][3,8]PHENANTHROLINE-1,3,6,8(2H,7H)-TETRONE",Fe,O=C1c2ccc3c4c2c(C(=O)N1n1cnnc1)ccc4C(=O)N(C3=O)n1cnnc1.[Fe].[O]
O=Cc1c([O])c(C=O)c(c(c1[O])C=O)[O],34374-88-4,Cu,O.O=Cc1c([O])c(C=O)c(c(c1[O])C=O)[O].[Cu]
O=Cc1ccc(cc1[O])c1ccncc1,SCHEMBL31398624,"Co, Cu, Zn",O=Cc1ccc(cc1[O])c1ccncc1.[Co]; O=Cc1ccc(cc1[O])c1ccncc1.[Cu]; O=Cc1ccc(cc1[O])c1ccncc1.[Zn]
O=N(=O)c1cc(ccc1c1cc(cc(c1)C(=O)[O-])C(=O)[O-])C(=O)[O-],,Pr,O=N(=O)c1cc(ccc1c1cc(cc(c1)C(=O)[O-])C(=O)[O-])C(=O)[O-].[Pr]
O=P(c1ccccc1)(c1ccccc1)c1ccc(cc1)c1cc(nc(c1)c1ccncc1)c1ccncc1,,Co,O=P(c1ccccc1)(c1ccccc1)c1ccc(cc1)c1cc(nc(c1)c1ccncc1)c1ccncc1.[Co]
OC(=O)c1cc(cc(c1)c1cc(ccc1C(=O)[O-])C(=O)[O-])c1cc(ccc1C(=O)[O-])C(=O)[O-],,Co,OC(=O)c1cc(cc(c1)c1cc(ccc1C(=O)[O-])C(=O)[O-])c1cc(ccc1C(=O)[O-])C(=O)[O-].[Co][OH]1[Co][OH]([Co]1)[Co]
OC(=O)c1cc(cc(c1)n1cncc1)n1cncc1,"3,5-Di(1H-imidazol-1-yl)benzoic acid",Cu,OC(=O)c1cc(cc(c1)n1cncc1)n1cncc1.[Cu]
OC(=O)c1ccc(cc1c1ncccc1C(=O)[O-])C(=O)[O-],,Cd,OC(=O)c1ccc(cc1c1ncccc1C(=O)[O-])C(=O)[O-].[Cd]
Oc1c(cc(cc1c1ccc(cc1)C(=O)[O-])c1cc(c2ccc(cc2)C(=O)[O-])c(c(c1)c1ccc(cc1)C(=O)[O-])O)c1ccc(cc1)C(=O)[O-],,Zr,Oc1c(cc(cc1c1ccc(cc1)C(=O)[O-])c1cc(c2ccc(cc2)C(=O)[O-])c(c(c1)c1ccc(cc1)C(=O)[O-])O)c1ccc(cc1)C(=O)[O-].[O]12[Zr]34[O]5[Zr]62[O]2[Zr]71[O]4[Zr]14[O]3[Zr]35[O]6[Zr]2([O]71)[O]43
[NH]c1cc2c(cc1[NH])c1cc([NH])c(cc1c1c2cc([NH])c(c1)[NH])[NH],1159202-33-1,Fe,[Fe].[NH]c1cc2c(cc1[NH])c1cc([NH])c(cc1c1c2cc([NH])c(c1)[NH])[NH]
[O-]C(=O)C#CC(=O)[O-],"2-Butynedioic acid, ion(2-)","In, Zr",[In].[O-]C(=O)C#CC(=O)[O-].[OH]; [O-]C(=O)C#CC(=O)[O-].[O]12[Zr]34[OH]5[Zr]62[OH]2[Zr]71[OH]4[Zr]14[O]3[Zr]35[O]6[Zr]2([O]71)[OH]43
[O-]C(=O)C(=O)[O-],oxalate,"Fe, Sc, U",[Fe].[O-]C(=O)C(=O)[O-]; [O-]C(=O)C(=O)[O-].[Sc]; [O-]C(=O)C(=O)[O-].[U]
[O-]C(=O)C(NC(=O)C1=CN=N[CH]1)C,,Zn,[O-]C(=O)C(NC(=O)C1=CN=N[CH]1)C.[Zn]
[O-]C(=O)C(n1cnnc1)Cc1cnc[nH]1,"3-(1H-imidazol-5-yl)-2-(1,2,4-triazol-4-yl)propanoate",Cu,[Cu].[O-]C(=O)C(n1cnnc1)Cc1cnc[nH]1
[O-]C(=O)C1=CC(=S)C(=CC1=S)C(=O)[O-],,Mn,[Mn].[O-]C(=O)C1=CC(=S)C(=CC1=S)C(=O)[O-]
[O-]C(=O)C1=CC=CN([CH]1)Cc1cc(cc(c1)C(=O)[O-])C(=O)[O-],,Cd,[Cd].[O-]C(=O)C1=CC=CN([CH]1)Cc1cc(cc(c1)C(=O)[O-])C(=O)[O-]
[O-]C(=O)C1CCC(C1(C)C)(C)C(=O)[O-],"1,2,2-trimethylcyclopentane-1,3-dicarboxylate",Zn,[O-]C(=O)C1CCC(C1(C)C)(C)C(=O)[O-].[Zn][O]([Zn])([Zn])[Zn]
[O-]C(=O)C1CCC(CC1)C(=O)[O-],3pwk,Co,O.[Co].[O-]C(=O)C1CCC(CC1)C(=O)[O-]
[O-]C(=O)C=CC(=O)[O-],butenedioate,"Sm, Tb",[O-]C(=O)C=CC(=O)[O-].[Sm]; [O-]C(=O)C=CC(=O)[O-].[Tb]
[O-]C(=O)C=CC=CC(=O)[O-],muconate,Zr,[O-]C(=O)C=CC=CC(=O)[O-].[O]12[Zr]34[O]5[Zr]62[O]2[Zr]71[O]4[Zr]14[O]3[Zr]35[O]6[Zr]2([O]71)[O]43
[O-]C(=O)C=Cc1ccnc2c1cccc2,3-quinolin-4-ylprop-2-enoate,Cu,[Cu][Cu].[O-]C(=O)C=Cc1ccnc2c1cccc2
[O-]C(=O)CC(=O)[O-],MALONATE ION,"Cd, Zn",[Cd].[O-]C(=O)CC(=O)[O-]; [O-]C(=O)CC(=O)[O-].[Zn]
[O-]C(=O)CCCC(=O)[O-],glutarate(2-),"Eu, Gd",[Eu].[O-]C(=O)CCCC(=O)[O-]; [Gd].[O-]C(=O)CCCC(=O)[O-]
[O-]C(=O)CCN1C(=O)c2c(C1=O)cncc2,"3-(1,3-dioxopyrrolo[3,4-c]pyridin-2-yl)propanoate",Cd,[Cd].[O-]C(=O)CCN1C(=O)c2c(C1=O)cncc2
[O-]C(=O)CCP(=O)([O])[O],3-phosphonopropanoate,V,[O-]C(=O)CCP(=O)([O])[O].[V]
[O-]C(=O)CCc1ccc(cc1)C[N]12CCC[N]3([Cu]42(Cl)[N](CC1)(CCC[N]4(CC3)Cc1ccc(cc1)CCC(=O)[O-])Cc1ccc(cc1)CCC(=O)[O-])Cc1ccc(cc1)CCC(=O)[O-],,Cu,[Cu][Cu].[O-]C(=O)CCc1ccc(cc1)C[N]12CCC[N]3([Cu]42(Cl)[N](CC1)(CCC[N]4(CC3)Cc1ccc(cc1)CCC(=O)[O-])Cc1ccc(cc1)CCC(=O)[O-])Cc1ccc(cc1)CCC(=O)[O-]
[O-]C(=O)CN(C1=NC(=[N]=C([N]1)N(CC(=O)[O-])CC(=O)[O-])N(CC(=O)[O-])CC(=O)[O-])CC(=O)[O-],,"Cd, Eu",[Cd][O]([Cd][OH2]1[Cd][OH2]([Cd]1)[Cd][O]([Cd])[Cd])[Cd].[O-]C(=O)CN(C1=NC(=[N]=C([N]1)N(CC(=O)[O-])CC(=O)[O-])N(CC(=O)[O-])CC(=O)[O-])CC(=O)[O-]; [Eu].[O-]C(=O)CN(C1=NC(=[N]=C([N]1)N(CC(=O)[O-])CC(=O)[O-])N(CC(=O)[O-])CC(=O)[O-])CC(=O)[O-]
[O-]C(=O)CN(CC(=O)[O-])CCCN(CC(=O)[O-])CC(=O)[O-],NS00114724,"Ce, La, Nd",[Ce].[O-]C(=O)CN(CC(=O)[O-])CCCN(CC(=O)[O-])CC(=O)[O-]; [Nd].[O-]C(=O)CN(CC(=O)[O-])CCCN(CC(=O)[O-])CC(=O)[O-]; [O-]C(=O)CN(CC(=O)[O-])CCCN(CC(=O)[O-])CC(=O)[O-].[OH2][La]
[O-]C(=O)CN1[CH]C=C(C=C1)C(=O)[O-],,Ag,[Ag][Ag].[O-]C(=O)CN1[CH]C=C(C=C1)C(=O)[O-].[O]N(=O)=O
[O-]C(=O)COc1ccc(cc1)N(CC(=O)[O-])CC(=O)[O-],,"Ce, Nd, Sm",[Ce].[O-]C(=O)COc1ccc(cc1)N(CC(=O)[O-])CC(=O)[O-]; [Nd].[O-]C(=O)COc1ccc(cc1)N(CC(=O)[O-])CC(=O)[O-]; [O-]C(=O)COc1ccc(cc1)N(CC(=O)[O-])CC(=O)[O-].[Sm]
[O-]C(=O)Cc1ccc(cc1)n1cnnc1,"2-[4-(1,2,4-triazol-4-yl)phenyl]acetate",Cu,[Cu][O]1[Cu][O]([Cu]1)[Cu].[O-]C(=O)Cc1ccc(cc1)n1cnnc1
[O-]C(=O)[CH][CH]C(=O)[O-],succinate,Er,[Er].[O-]C(=O)[CH][CH]C(=O)[O-]
[O-]C(=O)[C]1C=C(C(=O)[O-])C(=O)[CH]C1=O,"4,6-dioxocyclohexene-1,3-dicarboxylate",Co,[Co].[O-]C(=O)[C]1C=C(C(=O)[O-])C(=O)[CH]C1=O
[O-]C(=O)c1c(F)c(F)c(c(c1F)F)C(=O)[O-],"2,3,5,6-tetrafluoroterephthalate","Ce, Eu, Nd, Pr, Tb",[Ce].[O-]C(=O)c1c(F)c(F)c(c(c1F)F)C(=O)[O-].[O]; [Eu][Eu].[O-]C(=O)c1c(F)c(F)c(c(c1F)F)C(=O)[O-]; [Nd].[O-]C(=O)c1c(F)c(F)c(c(c1F)F)C(=O)[O-]; [O-]C(=O)c1c(F)c(F)c(c(c1F)F)C(=O)[O-].[Pr]; [O-]C(=O)c1c(F)c(F)c(c(c1F)F)C(=O)[O-].[Tb][Tb]
[O-]C(=O)c1c(F)c(F)c(c(c1F)F)c1c(F)c(F)c(c(c1F)F)C(=O)[O-],"4-(4-carboxylato-2,3,5,6-tetrafluorophenyl)-2,3,5,6-tetrafluorobenzoate",Zn,[O-]C(=O)c1c(F)c(F)c(c(c1F)F)c1c(F)c(F)c(c(c1F)F)C(=O)[O-].[Zn]
[O-]C(=O)c1c(cccc1C(=O)[O-])c1cc(cc(c1)C(=O)[O-])C(=O)[O-],,Cd,[Cd].[O-]C(=O)c1c(cccc1C(=O)[O-])c1cc(cc(c1)C(=O)[O-])C(=O)[O-]
[O-]C(=O)c1c[n-]n(c1)C(n1[n-]cc(c1)C(=O)[O-])c1ccc(cc1)C(n1[n-]cc(c1)C(=O)[O-])n1[n-]cc(c1)C(=O)[O-],,Zr,[O-]C(=O)c1c[n-]n(c1)C(n1[n-]cc(c1)C(=O)[O-])c1ccc(cc1)C(n1[n-]cc(c1)C(=O)[O-])n1[n-]cc(c1)C(=O)[O-].[OH]12[Zr]34[OH]5[Zr]62[OH]2[Zr]71[OH]4[Zr]14[OH]3[Zr]35[OH]6[Zr]2([OH]71)[OH]43
[O-]C(=O)c1cc(C(=O)[O-])c(cc1C(=O)[O-])C(=O)[O-],"benzene-1,2,4,5-tetracarboxylate","Sm, Zn",[O-]C(=O)c1cc(C(=O)[O-])c(cc1C(=O)[O-])C(=O)[O-].[Sm].[Sm][Sm]; [O-]C(=O)c1cc(C(=O)[O-])c(cc1C(=O)[O-])C(=O)[O-].[Zn]
[O-]C(=O)c1cc(C(=O)[O-])c(cc1C1=NN=N[N]1)C1=NN=N[N]1,,Mn,[Mn].[O-]C(=O)c1cc(C(=O)[O-])c(cc1C1=NN=N[N]1)C1=NN=N[N]1
[O-]C(=O)c1cc(C(=O)[O-])c(cc1[O])[O],"4,6-dicarboxybenzene-1,3-diolate",Co,[Co].[O-]C(=O)c1cc(C(=O)[O-])c(cc1[O])[O]
[O-]C(=O)c1cc(C)c(c(c1)C)c1cccc(c1)c1c(C)cc(cc1C)C(=O)[O-],,Zr,[O-]C(=O)c1cc(C)c(c(c1)C)c1cccc(c1)c1c(C)cc(cc1C)C(=O)[O-].[O]12[Zr]34[OH]5[Zr]62[OH]2[Zr]71[OH]4[Zr]14[O]3[Zr]35[O]6[Zr]2([O]71)[OH]43
[O-]C(=O)c1cc(CN2[N]C(=N[C]2c2ccncc2)c2ccncc2)cc(c1)C(=O)[O-],,Co,[Co].[O-]C(=O)c1cc(CN2[N]C(=N[C]2c2ccncc2)c2ccncc2)cc(c1)C(=O)[O-]
[O-]C(=O)c1cc(CSc2nc3c([nH]2)cccc3)cc(c1)C(=O)[O-],,Zn,[O-]C(=O)c1cc(CSc2nc3c([nH]2)cccc3)cc(c1)C(=O)[O-].[Zn]
[O-]C(=O)c1cc(N2[N]C=N[CH]2)c(cc1N1[N]C=N[CH]1)C(=O)[O-],,Zn,[O-]C(=O)c1cc(N2[N]C=N[CH]2)c(cc1N1[N]C=N[CH]1)C(=O)[O-].[Zn]
[O-]C(=O)c1cc(NC2=NC(=[N]=C([N]2)Nc2cc(cc(c2)C(=O)[O-])C(=O)[O-])Nc2cc(cc(c2)C(=O)[O-])C(=O)[O-])cc(c1)C(=O)[O-],,Zn,[O-]C(=O)c1cc(NC2=NC(=[N]=C([N]2)Nc2cc(cc(c2)C(=O)[O-])C(=O)[O-])Nc2cc(cc(c2)C(=O)[O-])C(=O)[O-])cc(c1)C(=O)[O-].[Zn].[Zn][O]([Zn])[Zn]
[O-]C(=O)c1cc(NC2=NN=N[N]2)cc(c1)C(=O)[O-],,Cd,[Cd].[O-]C(=O)c1cc(NC2=NN=N[N]2)cc(c1)C(=O)[O-]
[O-]C(=O)c1cc(NCc2c3ccccc3cc3c2cccc3)cc(c1)C(=O)[O-],,Eu,[Eu].[O-]C(=O)c1cc(NCc2c3ccccc3cc3c2cccc3)cc(c1)C(=O)[O-]
[O-]C(=O)c1cc(NCc2ccccc2)cc(c1)C(=O)[O-],,Cu,[Cu][O]1[Cu][O]([Cu]1)[Cu].[O-]C(=O)c1cc(NCc2ccccc2)cc(c1)C(=O)[O-]
[O-]C(=O)c1cc(NCc2ccncc2)cc(c1)C(=O)[O-],,"Dy, Er, Eu, Gd, Ho, Sm, Tb, Yb",[Dy].[O-]C(=O)c1cc(NCc2ccncc2)cc(c1)C(=O)[O-]; [Er].[O-]C(=O)c1cc(NCc2ccncc2)cc(c1)C(=O)[O-]; [Eu].[O-]C(=O)c1cc(NCc2ccncc2)cc(c1)C(=O)[O-]; [Gd].[O-]C(=O)c1cc(NCc2ccncc2)cc(c1)C(=O)[O-]; [Ho].[O-]C(=O)c1cc(NCc2ccncc2)cc(c1)C(=O)[O-]; [O-]C(=O)c1cc(NCc2ccncc2)cc(c1)C(=O)[O-].[Sm]; [O-]C(=O)c1cc(NCc2ccncc2)cc(c1)C(=O)[O-].[Tb]; [O-]C(=O)c1cc(NCc2ccncc2)cc(c1)C(=O)[O-].[Yb]
[O-]C(=O)c1cc(Nc2ccccc2)c(cc1Nc1ccccc1)C(=O)[O-],"2,5-dianilinoterephthalate",Zn,[O-]C(=O)c1cc(Nc2ccccc2)c(cc1Nc1ccccc1)C(=O)[O-].[Zn][O]1[Zn][O]([Zn]1)[Zn]
[O-]C(=O)c1cc(O)c(c(c1)O)[O],"3,4,5-Trihydroxybenzoate",Co,[Co].[O-]C(=O)c1cc(O)c(c(c1)O)[O]
[O-]C(=O)c1cc(O)c(cc1O)C(=O)[O-],"2,5-dicarboxybenzene-1,4-diolate","Eu, Gd, Tb",[Eu].[O-]C(=O)c1cc(O)c(cc1O)C(=O)[O-]; [Gd].[O-]C(=O)c1cc(O)c(cc1O)C(=O)[O-]; [O-]C(=O)c1cc(O)c(cc1O)C(=O)[O-].[Tb]
[O-]C(=O)c1cc(OCc2c3ccccc3c(c3c2cccc3)COc2cc(cc(c2)C(=O)[O-])C(=O)[O-])cc(c1)C(=O)[O-],,Co,[Co][O]([Co])[Co].[O-]C(=O)c1cc(OCc2c3ccccc3c(c3c2cccc3)COc2cc(cc(c2)C(=O)[O-])C(=O)[O-])cc(c1)C(=O)[O-]
[O-]C(=O)c1cc(OCc2ccc(cc2)C(=O)[O-])cc(c1)OCc1ccc(cc1)C(=O)[O-],,Zn,[O-]C(=O)c1cc(OCc2ccc(cc2)C(=O)[O-])cc(c1)OCc1ccc(cc1)C(=O)[O-].[OH].[Zn]
[O-]C(=O)c1cc(OCc2ccccc2C(=O)[O-])cc(c1)C(=O)[O-],,Cd,[Cd].[O-]C(=O)c1cc(OCc2ccccc2C(=O)[O-])cc(c1)C(=O)[O-].[O][Cd]
[O-]C(=O)c1cc(OCc2ccncc2)cc(c1)C(=O)[O-],,Cd,[Cd].[O-]C(=O)c1cc(OCc2ccncc2)cc(c1)C(=O)[O-]
[O-]C(=O)c1cc(Oc2cc(cc(c2)C(=O)[O-])C(=O)[O-])cc(c1)C(=O)[O-],,Zn,[O-]C(=O)c1cc(Oc2cc(cc(c2)C(=O)[O-])C(=O)[O-])cc(c1)C(=O)[O-].[Zn]
[O-]C(=O)c1cc(Oc2ccc(cc2)C2=NN=N[N]2)cc(c1)C(=O)[O-],,"Eu, Gd, Sm",[O-]C(=O)c1cc(Oc2ccc(cc2)C2=NN=N[N]2)cc(c1)C(=O)[O-].[OH2][Eu][OH2]; [O-]C(=O)c1cc(Oc2ccc(cc2)C2=NN=N[N]2)cc(c1)C(=O)[O-].[OH2][Gd]; [O-]C(=O)c1cc(Oc2ccc(cc2)C2=NN=N[N]2)cc(c1)C(=O)[O-].[OH2][Sm][OH2]
[O-]C(=O)c1cc(Oc2ccc(cc2)c2cc(nc(c2)c2ccncc2)c2ccncc2)cc(c1)C(=O)[O-],,"Cd, Ni",[Cd].[O-]C(=O)c1cc(Oc2ccc(cc2)c2cc(nc(c2)c2ccncc2)c2ccncc2)cc(c1)C(=O)[O-]; [Ni].[O-]C(=O)c1cc(Oc2ccc(cc2)c2cc(nc(c2)c2ccncc2)c2ccncc2)cc(c1)C(=O)[O-]
[O-]C(=O)c1cc([O])c(cc1[O])C(=O)[O-],"2,5-dicarboxybenzene-1,4-diolate","Cd, Co, Mg, Ni, Ti, Zn",[Cd].[O-]C(=O)c1cc([O])c(cc1[O])C(=O)[O-]; [Co].[O-]C(=O)c1cc([O])c(cc1[O])C(=O)[O-]; [Mg].[O-]C(=O)c1cc([O])c(cc1[O])C(=O)[O-]; [Ni].[O-]C(=O)c1cc([O])c(cc1[O])C(=O)[O-]; [O-]C(=O)c1cc([O])c(cc1[O])C(=O)[O-].[Ti]; [O-]C(=O)c1cc([O])c(cc1[O])C(=O)[O-].[Zn]
[O-]C(=O)c1cc(c2cc(cc(c2)C(=O)[O-])C(=O)[O-])c(cc1c1cc(cc(c1)C(=O)[O-])C(=O)[O-])C(=O)[O-],,Zn,[O-]C(=O)c1cc(c2cc(cc(c2)C(=O)[O-])C(=O)[O-])c(cc1c1cc(cc(c1)C(=O)[O-])C(=O)[O-])C(=O)[O-].[Zn][O]1[Zn][O]([Zn]1)[Zn]
[O-]C(=O)c1cc(c2ccc(cc2)C(=O)[O-])c(c(c1)c1ccc(cc1)C(=O)[O-])F,,"Eu, Ni",[Eu].[O-]C(=O)c1cc(c2ccc(cc2)C(=O)[O-])c(c(c1)c1ccc(cc1)C(=O)[O-])F; [Ni][O]([Ni])[Ni].[O-]C(=O)c1cc(c2ccc(cc2)C(=O)[O-])c(c(c1)c1ccc(cc1)C(=O)[O-])F
[O-]C(=O)c1cc(c2ccc(cc2)C(=O)[O-])c(cc1c1ccc(cc1)C(=O)[O-])C(=O)[O-],,Tb,[O-]C(=O)c1cc(c2ccc(cc2)C(=O)[O-])c(cc1c1ccc(cc1)C(=O)[O-])C(=O)[O-].[Tb]
[O-]C(=O)c1cc(c[n+](c1)[O-])C(=O)[O-],"1-oxidopyridin-1-ium-3,5-dicarboxylate",Cu,[Cu][Cu].[O-]C(=O)c1cc(c[n+](c1)[O-])C(=O)[O-]
[O-]C(=O)c1cc(cc(c1)C(=O)[O-])C(=O)[O-],"1,3,5-benzenetricarboxylate","Al, Cd, Co, Cu, In, Mn, Tb, Zn",[Al].[Al][O]([Al])[Al].[O-]C(=O)c1cc(cc(c1)C(=O)[O-])C(=O)[O-].[O]; [Cd].[O-]C(=O)c1cc(cc(c1)C(=O)[O-])C(=O)[O-]; [Co].[Co][Co].[O-]C(=O)c1cc(cc(c1)C(=O)[O-])C(=O)[O-]; [Cu][Cu].[O-]C(=O)c1cc(cc(c1)C(=O)[O-])C(=O)[O-]; [In].[O-]C(=O)c1cc(cc(c1)C(=O)[O-])C(=O)[O-]; [Mn].[O-]C(=O)c1cc(cc(c1)C(=O)[O-])C(=O)[O-]; [O-]C(=O)c1cc(cc(c1)C(=O)[O-])C(=O)[O-].[Tb]; [O-]C(=O)c1cc(cc(c1)C(=O)[O-])C(=O)[O-].[Zn].[Zn][O]([Zn])([Zn])[Zn]
[O-]C(=O)c1cc(cc(c1)C(=O)[O-])Cn1nc(nc1c1ccncc1)c1ccncc1,,Zn,[O-]C(=O)c1cc(cc(c1)C(=O)[O-])Cn1nc(nc1c1ccncc1)c1ccncc1.[Zn]
[O-]C(=O)c1cc(cc(c1)C(=O)[O-])N1C(=O)c2ccc3c4c2c(C1=O)ccc4C(=O)N(C3=O)c1cc(cc(c1)C(=O)[O-])C(=O)[O-],"5-[13-(3,5-dicarboxylatophenyl)-5,7,12,14-tetraoxo-6,13-diazatetracyclo[6.6.2.04,16.011,15]hexadeca-1(15),2,4(16),8,10-pentaen-6-yl]benzene-1,3-dicarboxylate","Cd, Cu, Eu, Zr",[Cd].[O-]C(=O)c1cc(cc(c1)C(=O)[O-])N1C(=O)c2ccc3c4c2c(C1=O)ccc4C(=O)N(C3=O)c1cc(cc(c1)C(=O)[O-])C(=O)[O-]; [Cu][Cu].[O-]C(=O)c1cc(cc(c1)C(=O)[O-])N1C(=O)c2ccc3c4c2c(C1=O)ccc4C(=O)N(C3=O)c1cc(cc(c1)C(=O)[O-])C(=O)[O-]; [Eu].[O-]C(=O)c1cc(cc(c1)C(=O)[O-])N1C(=O)c2ccc3c4c2c(C1=O)ccc4C(=O)N(C3=O)c1cc(cc(c1)C(=O)[O-])C(=O)[O-]; [O-]C(=O)c1cc(cc(c1)C(=O)[O-])N1C(=O)c2ccc3c4c2c(C1=O)ccc4C(=O)N(C3=O)c1cc(cc(c1)C(=O)[O-])C(=O)[O-].[O]12[Zr]34[O]5[Zr]62[O]2[Zr]71[O]4[Zr]14[O]3[Zr]35[O]6[Zr]2([O]71)[O]43
[O-]C(=O)c1cc(cc(c1)C(=O)[O-])N1CCCC1,,Zn,[O-]C(=O)c1cc(cc(c1)C(=O)[O-])N1CCCC1.[Zn]
[O-]C(=O)c1cc(cc(c1)C(=O)[O-])N1[CH]C=C(C=C1)c1ccncc1,,Gd,O[Gd].[Gd].[O-]C(=O)c1cc(cc(c1)C(=O)[O-])N1[CH]C=C(C=C1)c1ccncc1.[O][CH][O]
[O-]C(=O)c1cc(cc(c1)C(=O)[O-])O[C]1=[N]=[C](=[N]=[C](=[N]=1)Oc1cc(cc(c1)C(=O)[O-])C(=O)[O-])Oc1cc(cc(c1)C(=O)[O-])C(=O)[O-],,Zn,[O-]C(=O)c1cc(cc(c1)C(=O)[O-])O[C]1=[N]=[C](=[N]=[C](=[N]=1)Oc1cc(cc(c1)C(=O)[O-])C(=O)[O-])Oc1cc(cc(c1)C(=O)[O-])C(=O)[O-].[Zn].[Zn][Zn]
[O-]C(=O)c1cc(cc(c1)C(=O)[O-])[Si](c1cc(cc(c1)C(=O)[O-])C(=O)[O-])(c1cc(cc(c1)C(=O)[O-])C(=O)[O-])C,,Cd,[Cd].[O-]C(=O)c1cc(cc(c1)C(=O)[O-])[Si](c1cc(cc(c1)C(=O)[O-])C(=O)[O-])(c1cc(cc(c1)C(=O)[O-])C(=O)[O-])C
[O-]C(=O)c1cc(cc(c1)C(=O)[O-])c1cc(c2cc(cc(c2)C(=O)[O-])C(=O)[O-])c2c3c1ccc1c3c(cc2)c(cc1c1cc(cc(c1)C(=O)[O-])C(=O)[O-])c1cc(cc(c1)C(=O)[O-])C(=O)[O-],,"Cu, Zn",[Cu].[O-]C(=O)c1cc(cc(c1)C(=O)[O-])c1cc(c2cc(cc(c2)C(=O)[O-])C(=O)[O-])c2c3c1ccc1c3c(cc2)c(cc1c1cc(cc(c1)C(=O)[O-])C(=O)[O-])c1cc(cc(c1)C(=O)[O-])C(=O)[O-]; [O-]C(=O)c1cc(cc(c1)C(=O)[O-])c1cc(c2cc(cc(c2)C(=O)[O-])C(=O)[O-])c2c3c1ccc1c3c(cc2)c(cc1c1cc(cc(c1)C(=O)[O-])C(=O)[O-])c1cc(cc(c1)C(=O)[O-])C(=O)[O-].[Zn]
[O-]C(=O)c1cc(cc(c1)C(=O)[O-])c1cc(cc(c1)C(=O)[O-])C(=O)[O-],"5-(3,5-dicarboxylatophenyl)benzene-1,3-dicarboxylate","Al, Co, Eu, Ga, Sc, V, Zn",[Al].[O-]C(=O)c1cc(cc(c1)C(=O)[O-])c1cc(cc(c1)C(=O)[O-])C(=O)[O-].[OH]; [Co].[O-]C(=O)c1cc(cc(c1)C(=O)[O-])c1cc(cc(c1)C(=O)[O-])C(=O)[O-]; [Eu].[O-]C(=O)c1cc(cc(c1)C(=O)[O-])c1cc(cc(c1)C(=O)[O-])C(=O)[O-]; [Ga].[O-]C(=O)c1cc(cc(c1)C(=O)[O-])c1cc(cc(c1)C(=O)[O-])C(=O)[O-].[OH]; [O-]C(=O)c1cc(cc(c1)C(=O)[O-])c1cc(cc(c1)C(=O)[O-])C(=O)[O-].[OH].[Sc]; [O-]C(=O)c1cc(cc(c1)C(=O)[O-])c1cc(cc(c1)C(=O)[O-])C(=O)[O-].[OH].[V]; [O-]C(=O)c1cc(cc(c1)C(=O)[O-])c1cc(cc(c1)C(=O)[O-])C(=O)[O-].[Zn][Zn]
[O-]C(=O)c1cc(cc(c1)C(=O)[O-])c1cc(cc(c1)c1cc(cc(c1)C(=O)[O-])C(=O)[O-])c1cc(cc(c1)c1cc(cc(c1)c1cc(cc(c1)C(=O)[O-])C(=O)[O-])c1cc(cc(c1)C(=O)[O-])C(=O)[O-])c1cc(cc(c1)c1cc(cc(c1)C(=O)[O-])C(=O)[O-])c1cc(cc(c1)C(=O)[O-])C(=O)[O-],,Zn,[O-]C(=O)c1cc(cc(c1)C(=O)[O-])c1cc(cc(c1)c1cc(cc(c1)C(=O)[O-])C(=O)[O-])c1cc(cc(c1)c1cc(cc(c1)c1cc(cc(c1)C(=O)[O-])C(=O)[O-])c1cc(cc(c1)C(=O)[O-])C(=O)[O-])c1cc(cc(c1)c1cc(cc(c1)C(=O)[O-])C(=O)[O-])c1cc(cc(c1)C(=O)[O-])C(=O)[O-].[Zn]
[O-]C(=O)c1cc(cc(c1)C(=O)[O-])c1ccc(c(c1)C(=O)[O-])c1cc(cc(c1)C(=O)[O-])C(=O)[O-],,Zn,[O-]C(=O)c1cc(cc(c1)C(=O)[O-])c1ccc(c(c1)C(=O)[O-])c1cc(cc(c1)C(=O)[O-])C(=O)[O-].[Zn]
[O-]C(=O)c1cc(cc(c1)C(=O)[O-])c1ccc(c(c1)c1cc(cc(c1)C(=O)[O-])C(=O)[O-])C(=O)[O-],,Cd,[Cd].[O-]C(=O)c1cc(cc(c1)C(=O)[O-])c1ccc(c(c1)c1cc(cc(c1)C(=O)[O-])C(=O)[O-])C(=O)[O-]
[O-]C(=O)c1cc(cc(c1)C(=O)[O-])c1ccc(cc1)C(=C(c1ccc(cc1)c1cc(cc(c1)C(=O)[O-])C(=O)[O-])c1ccc(cc1)c1cc(cc(c1)C(=O)[O-])C(=O)[O-])c1ccc(cc1)c1cc(cc(c1)C(=O)[O-])C(=O)[O-],,Zn,[O-]C(=O)c1cc(cc(c1)C(=O)[O-])c1ccc(cc1)C(=C(c1ccc(cc1)c1cc(cc(c1)C(=O)[O-])C(=O)[O-])c1ccc(cc1)c1cc(cc(c1)C(=O)[O-])C(=O)[O-])c1ccc(cc1)c1cc(cc(c1)C(=O)[O-])C(=O)[O-].[Zn][Zn]
[O-]C(=O)c1cc(cc(c1)C(=O)[O-])c1ccc(cc1)c1cc(cc(c1)C(=O)[O-])C(=O)[O-],,"Cd, Ce, Eu",[Cd].[O-]C(=O)c1cc(cc(c1)C(=O)[O-])c1ccc(cc1)c1cc(cc(c1)C(=O)[O-])C(=O)[O-]; [Ce].[O-]C(=O)c1cc(cc(c1)C(=O)[O-])c1ccc(cc1)c1cc(cc(c1)C(=O)[O-])C(=O)[O-]; [Eu].[O-]C(=O)c1cc(cc(c1)C(=O)[O-])c1ccc(cc1)c1cc(cc(c1)C(=O)[O-])C(=O)[O-]
[O-]C(=O)c1cc(cc(c1)NC(=O)c1ccc(cc1)C(=O)[O-])NC(=O)c1ccc(cc1)C(=O)[O-],,Eu,[Eu].[O-]C(=O)c1cc(cc(c1)NC(=O)c1ccc(cc1)C(=O)[O-])NC(=O)c1ccc(cc1)C(=O)[O-]
[O-]C(=O)c1cc(cc(c1)Oc1cc(cc(c1)C(=O)[O-])C(=O)[O-])Oc1cc(cc(c1)C(=O)[O-])C(=O)[O-],,Zn,[O-]C(=O)c1cc(cc(c1)Oc1cc(cc(c1)C(=O)[O-])C(=O)[O-])Oc1cc(cc(c1)C(=O)[O-])C(=O)[O-].[Zn][OH]1[Zn][OH2][Zn][OH]([Zn][OH2][Zn]1)[Zn]
[O-]C(=O)c1cc(cc(c1)Oc1cccc(c1)C(=O)[O-])Oc1cccc(c1)C(=O)[O-],,Mn,[O-]C(=O)c1cc(cc(c1)Oc1cccc(c1)C(=O)[O-])Oc1cccc(c1)C(=O)[O-].[OH2][Mn][OH2][Mn][OH2][Mn][OH2]
[O-]C(=O)c1cc(cc(c1)c1cc(nc(c1)c1ccccn1)c1ccccn1)C(=O)[O-],,Mn,[Mn].[O-]C(=O)c1cc(cc(c1)c1cc(nc(c1)c1ccccn1)c1ccccn1)C(=O)[O-]
[O-]C(=O)c1cc(cc(c1)c1ccc(c2c1cccc2)C(=O)[O-])C(=O)[O-],,Eu,[Eu].[O-]C(=O)c1cc(cc(c1)c1ccc(c2c1cccc2)C(=O)[O-])C(=O)[O-]
[O-]C(=O)c1cc(cc(c1)c1ccc(cc1)C(=O)O)c1ccc(cc1)C(=O)[O-],,Cd,[Cd].[O-]C(=O)c1cc(cc(c1)c1ccc(cc1)C(=O)O)c1ccc(cc1)C(=O)[O-]
[O-]C(=O)c1cc(cc(c1)c1ccc(cc1)C(=O)[O-])c1ccc(cc1)C(=O)[O-],"3,5-bis(4-carboxylatophenyl)benzoate","Al, Ni",[Al][O]([Al])[Al].[O-]C(=O)c1cc(cc(c1)c1ccc(cc1)C(=O)[O-])c1ccc(cc1)C(=O)[O-]; [Ni][O]([Ni])[Ni].[O-]C(=O)c1cc(cc(c1)c1ccc(cc1)C(=O)[O-])c1ccc(cc1)C(=O)[O-]
[O-]C(=O)c1cc(cc(c1)c1cccc2c1cccc2c1cc(cc(c1)C(=O)[O-])C(=O)[O-])C(=O)[O-],,Cu,[Cu][Cu].[O-]C(=O)c1cc(cc(c1)c1cccc2c1cccc2c1cc(cc(c1)C(=O)[O-])C(=O)[O-])C(=O)[O-]
[O-]C(=O)c1cc(cc(c1)c1cccnc1)C(=O)[O-],,Co,[Co].[O-]C(=O)c1cc(cc(c1)c1cccnc1)C(=O)[O-]; [Co][Co].[O-]C(=O)c1cc(cc(c1)c1cccnc1)C(=O)[O-]
[O-]C(=O)c1cc(cc(c1)n1ccnc1C)C(=O)[O-],,"Co, Cu",[Co][Co].[O-]C(=O)c1cc(cc(c1)n1ccnc1C)C(=O)[O-]; [Cu][Cu].[O-]C(=O)c1cc(cc(c1)n1ccnc1C)C(=O)[O-]
[O-]C(=O)c1cc(cc(c1)n1cnc2c1cccc2)C(=O)[O-],,Cd,[Cd][Cd].[O-]C(=O)c1cc(cc(c1)n1cnc2c1cccc2)C(=O)[O-]
[O-]C(=O)c1cc(cc(c1)n1cncc1)C(=O)[O-],,Cu,[Cu][Cu].[O-]C(=O)c1cc(cc(c1)n1cncc1)C(=O)[O-]
[O-]C(=O)c1cc(cc(c1)n1cnnc1)n1cnnc1,,Co,[Co].[O-]C(=O)c1cc(cc(c1)n1cnnc1)n1cnnc1.[OH]
[O-]C(=O)c1cc(cc(n1)C(=O)[O-])c1cc(nc(c1)C(=O)[O-])C(=O)[O-],"4-(2,6-dicarboxylato-4-pyridinyl)pyridine-2,6-dicarboxylate",Zn,[O-]C(=O)c1cc(cc(n1)C(=O)[O-])c1cc(nc(c1)C(=O)[O-])C(=O)[O-].[Zn]
[O-]C(=O)c1cc(ccc1C(=O)[O-])Oc1c(cccc1C(=O)[O-])C(=O)[O-],,"Ce, Eu, La, Nd, Pr, Sm",[Eu].[O-]C(=O)c1cc(ccc1C(=O)[O-])Oc1c(cccc1C(=O)[O-])C(=O)[O-]; [La].[O-]C(=O)c1cc(ccc1C(=O)[O-])Oc1c(cccc1C(=O)[O-])C(=O)[O-]; [Nd].[O-]C(=O)c1cc(ccc1C(=O)[O-])Oc1c(cccc1C(=O)[O-])C(=O)[O-]; [O-]C(=O)c1cc(ccc1C(=O)[O-])Oc1c(cccc1C(=O)[O-])C(=O)[O-].[OH2][Ce]; [O-]C(=O)c1cc(ccc1C(=O)[O-])Oc1c(cccc1C(=O)[O-])C(=O)[O-].[Pr]; [O-]C(=O)c1cc(ccc1C(=O)[O-])Oc1c(cccc1C(=O)[O-])C(=O)[O-].[Sm]
[O-]C(=O)c1cc(ccc1c1cc(cc(c1)C(=O)[O-])C(=O)[O-])C(=O)[O-],,Cu,[Cu].[Cu][Cu].[O-]C(=O)c1cc(ccc1c1cc(cc(c1)C(=O)[O-])C(=O)[O-])C(=O)[O-]
[O-]C(=O)c1cc(ccc1c1cc(nc(c1)c1ccncc1)c1ccncc1)C(=O)[O-],,Ni,[Ni].[O-]C(=O)c1cc(ccc1c1cc(nc(c1)c1ccncc1)c1ccncc1)C(=O)[O-]
[O-]C(=O)c1cc(ccc1c1ccc(nc1)C(=O)[O-])C(=O)[O-],,Zn,[O-]C(=O)c1cc(ccc1c1ccc(nc1)C(=O)[O-])C(=O)[O-].[Zn][OH][Zn]
[O-]C(=O)c1cc(nc(c1)c1ccncc1)c1ccncc1,,Cu,[Cu].[O-]C(=O)c1cc(nc(c1)c1ccncc1)c1ccncc1
[O-]C(=O)c1cc(nc(c1)n1[n-]cc(c1)C(=O)[O-])n1[n-]cc(c1)C(=O)[O-],,Sc,[O-]C(=O)c1cc(nc(c1)n1[n-]cc(c1)C(=O)[O-])n1[n-]cc(c1)C(=O)[O-].[Sc][O]([Sc])[Sc]
[O-]C(=O)c1cc2c(s1)c1cc(sc1c1c2sc(c1)C(=O)[O-])C(=O)[O-],,Cu,[Cu][Cu].[O-]C(=O)c1cc2c(s1)c1cc(sc1c1c2sc(c1)C(=O)[O-])C(=O)[O-]
[O-]C(=O)c1cc2ccccc2c(c1O)c1c(O)c(cc2c1cccc2)C(=O)[O-],3-carboxy-1-(3-carboxy-2-oxidonaphthalen-1-yl)naphthalen-2-olate,Zn,[O-]C(=O)c1cc2ccccc2c(c1O)c1c(O)c(cc2c1cccc2)C(=O)[O-].[Zn][O]([Zn])([Zn])[Zn]
[O-]C(=O)c1cc2n(cnc2cc1C(=O)[O-])Cc1ccc(cc1)Cn1cnc2c1cc(C(=O)[O-])c(c2)C(=O)[O-],,Cd,[Cd].[O-]C(=O)c1cc2n(cnc2cc1C(=O)[O-])Cc1ccc(cc1)Cn1cnc2c1cc(C(=O)[O-])c(c2)C(=O)[O-]
[O-]C(=O)c1ccc(c(c1)Br)C(=O)[O-],2-bromoterephthalate,V,[O-]C(=O)c1ccc(c(c1)Br)C(=O)[O-].[O].[V]
[O-]C(=O)c1ccc(c(c1)C(=O)[O-])c1cc(cc(n1)c1ccc(cc1C(=O)[O-])C(=O)[O-])c1ccncc1,,Mn,[Mn].[O-]C(=O)c1ccc(c(c1)C(=O)[O-])c1cc(cc(n1)c1ccc(cc1C(=O)[O-])C(=O)[O-])c1ccncc1
[O-]C(=O)c1ccc(c(c1)C(F)(F)F)C(=O)[O-],2-(trifluoromethyl)terephthalate,V,[O-]C(=O)c1ccc(c(c1)C(F)(F)F)C(=O)[O-].[O].[V]
[O-]C(=O)c1ccc(c(c1)N)[O],3-amino-4-hydroxybenzoate,Y,[O-]C(=O)c1ccc(c(c1)N)[O].[Y][OH]1[Y]2[OH]([Y]1[OH]2[Y])[Y]
[O-]C(=O)c1ccc(c(c1)[O])C(=O)[O-],4-carboxy-3-oxidobenzoate,Zn,[O-]C(=O)c1ccc(c(c1)[O])C(=O)[O-].[OH].[Zn]
[O-]C(=O)c1ccc(c(c1)n1cncc1)C(=O)[O-],,Pb,[O-]C(=O)c1ccc(c(c1)n1cncc1)C(=O)[O-].[Pb]
[O-]C(=O)c1ccc(c2c1cccc2)C(=O)[O-],"1,4-naphthalenedicarboxylate",Ce,[Ce].[O-]C(=O)c1ccc(c2c1cccc2)C(=O)[O-]
[O-]C(=O)c1ccc(cc1)C#Cc1c(F)c(F)c(c(c1F)F)C#Cc1ccc(cc1)C(=O)[O-],,Zr,[O-]C(=O)c1ccc(cc1)C#Cc1c(F)c(F)c(c(c1F)F)C#Cc1ccc(cc1)C(=O)[O-].[O]12[Zr]34[O]5[Zr]62[O]2[Zr]71[O]4[Zr]14[O]3[Zr]35[O]6[Zr]2([O]71)[O]43
[O-]C(=O)c1ccc(cc1)C#Cc1c2c(c(c3c1C1c4c(C3c3c1cccc3)cccc4)C#Cc1ccc(cc1)C(=O)[O-])C1c3c(C2c2c1cccc2)cccc3,,Zn,[O-]C(=O)c1ccc(cc1)C#Cc1c2c(c(c3c1C1c4c(C3c3c1cccc3)cccc4)C#Cc1ccc(cc1)C(=O)[O-])C1c3c(C2c2c1cccc2)cccc3.[Zn][Zn]
[O-]C(=O)c1ccc(cc1)C#Cc1c2ccccc2c(c2c1cccc2)C#Cc1ccc(cc1)C(=O)[O-],,In,[In].[O-]C(=O)c1ccc(cc1)C#Cc1c2ccccc2c(c2c1cccc2)C#Cc1ccc(cc1)C(=O)[O-].[O]
[O-]C(=O)c1ccc(cc1)C#Cc1cc(C#Cc2ccc(cc2)C(=O)[O-])c(cc1C#Cc1ccc(cc1)C(=O)[O-])C#Cc1ccc(cc1)C(=O)[O-],,"Cu, Zr",[Cu][Cu].[O-]C(=O)c1ccc(cc1)C#Cc1cc(C#Cc2ccc(cc2)C(=O)[O-])c(cc1C#Cc1ccc(cc1)C(=O)[O-])C#Cc1ccc(cc1)C(=O)[O-]; [O-]C(=O)c1ccc(cc1)C#Cc1cc(C#Cc2ccc(cc2)C(=O)[O-])c(cc1C#Cc1ccc(cc1)C(=O)[O-])C#Cc1ccc(cc1)C(=O)[O-].[O]12[Zr]34[O]5[Zr]62[O]2[Zr]71[O]4[Zr]14[O]3[Zr]35[O]6[Zr]2([O]71)[O]43
[O-]C(=O)c1ccc(cc1)C#Cc1ccc(cc1)C(=O)[O-],4-[2-(4-carboxylatophenyl)ethynyl]benzoate,"Hf, Sc, Zr",[O-]C(=O)c1ccc(cc1)C#Cc1ccc(cc1)C(=O)[O-].[OH].[Sc]; [O-]C(=O)c1ccc(cc1)C#Cc1ccc(cc1)C(=O)[O-].[OH]1[Hf]2345[OH][Hf]6781[O]1[Hf]9%10[OH]7[Hf]7%11%12%13[O]8[Hf]8%14%15([OH]6[Hf]61[OH]9[Hf]([O]%10%12)([O]%146)[OH]%13%15)[OH][Hf]169([OH]4[Hf]4%10[O]2[Hf]2%12[OH]3[Hf]3([O]51)([O]%12[Hf]([OH]42)([O]6%10)[OH]93)([OH]7)[OH]%11)[OH]8; [O-]C(=O)c1ccc(cc1)C#Cc1ccc(cc1)C(=O)[O-].[OH]1[Zr]2345[OH][Zr]6781[O]1[Zr]9%10[OH]7[Zr]7%11%12%13[O]8[Zr]8%14%15([OH]6[Zr]61[OH]9[Zr]([O]%10%12)([O]%146)[OH]%13%15)[OH][Zr]169([OH]4[Zr]4%10[O]2[Zr]2%12[OH]3[Zr]3([O]51)([O]%12[Zr]([OH]42)([O]6%10)[OH]93)([OH]7)[OH]%11)[OH]8
[O-]C(=O)c1ccc(cc1)C#Cc1ccc(cc1)C(c1ccc(cc1)C#Cc1ccc(cc1)C(=O)[O-])(c1ccc(cc1)C#Cc1ccc(cc1)C(=O)[O-])c1ccc(cc1)C#Cc1ccc(cc1)C(=O)[O-],,Zr,O1[Zr]2O[Zr]3O[Zr]4O[Zr]1O[Zr]1O[Zr](O2)O[Zr](O3)O[Zr](O1)O4.[O-]C(=O)c1ccc(cc1)C#Cc1ccc(cc1)C(c1ccc(cc1)C#Cc1ccc(cc1)C(=O)[O-])(c1ccc(cc1)C#Cc1ccc(cc1)C(=O)[O-])c1ccc(cc1)C#Cc1ccc(cc1)C(=O)[O-].[O]12[Zr]34[O]5[Zr]62[O]2[Zr]71[O]4[Zr]14[O]3[Zr]35[O]6[Zr]2([O]71)[O]43
[O-]C(=O)c1ccc(cc1)C#Cc1ccc(cc1)C1=C2C=CC(=N2)C(=c2ccc(=C(C3=NC(=C(c4[nH]c1cc4)c1ccc(cc1)C#Cc1ccc(cc1)C(=O)[O-])C=C3)c1ccc(cc1)C#Cc1ccc(cc1)C(=O)[O-])[nH]2)c1ccc(cc1)C#Cc1ccc(cc1)C(=O)[O-],,Zr,[O-]C(=O)c1ccc(cc1)C#Cc1ccc(cc1)C1=C2C=CC(=N2)C(=c2ccc(=C(C3=NC(=C(c4[nH]c1cc4)c1ccc(cc1)C#Cc1ccc(cc1)C(=O)[O-])C=C3)c1ccc(cc1)C#Cc1ccc(cc1)C(=O)[O-])[nH]2)c1ccc(cc1)C#Cc1ccc(cc1)C(=O)[O-].[O]12[Zr]34[OH]5[Zr]62[OH]2[Zr]71[OH]4[Zr]14[O]3[Zr]35[O]6[Zr]2([O]71)[OH]43
[O-]C(=O)c1ccc(cc1)C(=C(c1ccc(cc1)C(=O)[O-])c1ccc(cc1)C(=O)[O-])c1ccc(cc1)C(=O)[O-],,"Ag, Cd",[Ag][Ag].[O-]C(=O)c1ccc(cc1)C(=C(c1ccc(cc1)C(=O)[O-])c1ccc(cc1)C(=O)[O-])c1ccc(cc1)C(=O)[O-]; [Cd][OH2][Cd].[O-]C(=O)c1ccc(cc1)C(=C(c1ccc(cc1)C(=O)[O-])c1ccc(cc1)C(=O)[O-])c1ccc(cc1)C(=O)[O-]
[O-]C(=O)c1ccc(cc1)C(=O)[O-],"1,4-Benzenedicarboxylate","Al, Cd, Co, Cr, Fe, Mg, Mn, Sc, Th, V, Zn, Zr",[Al].[O-]C(=O)c1ccc(cc1)C(=O)[O-].[OH]; [Cd].[O-]C(=O)c1ccc(cc1)C(=O)[O-]; [Co].[O-]C(=O)c1ccc(cc1)C(=O)[O-]; [Cr].[O-]C(=O)c1ccc(cc1)C(=O)[O-].[O]; [Fe].[O-]C(=O)c1ccc(cc1)C(=O)[O-].[OH]; [Fe].[O-]C(=O)c1ccc(cc1)C(=O)[O-].[O]; [Fe][O]([Fe])[Fe].[O-]C(=O)c1ccc(cc1)C(=O)[O-]; [Mg][O]([Mg])[Mg].[O-]C(=O)c1ccc(cc1)C(=O)[O-]; [Mn].[Mn]Br.[O-]C(=O)c1ccc(cc1)C(=O)[O-]; [O-]C(=O)c1ccc(cc1)C(=O)[O-].[OH].[V]; [O-]C(=O)c1ccc(cc1)C(=O)[O-].[O]12[Th]34[O]5[Th]62[O]2[Th]71[O]4[Th]14[O]3[Th]35[O]6[Th]2([O]71)[O]43; [O-]C(=O)c1ccc(cc1)C(=O)[O-].[O]12[Zr]34[OH]5[Zr]62[OH]2[Zr]71[OH]4[Zr]14[O]3[Zr]35[O]6[Zr]2([O]71)[OH]43; [O-]C(=O)c1ccc(cc1)C(=O)[O-].[O]12[Zr]34[O]5[Zr]62[O]2[Zr]71[O]4[Zr]14[O]3[Zr]35[O]6[Zr]2([O]71)[O]43; [O-]C(=O)c1ccc(cc1)C(=O)[O-].[Sc]; [O-]C(=O)c1ccc(cc1)C(=O)[O-].[Zn]; [O-]C(=O)c1ccc(cc1)C(=O)[O-].[Zn][O]([Zn])([Zn])[Zn]
[O-]C(=O)c1ccc(cc1)C(C(F)(F)F)(C(F)(F)F)c1ccc(cc1)C(=O)[O-],PHQYMDAUTAXXFZ-UHFFFAOYSA-L,"Co, Fe, Mn",[Co].[O-]C(=O)c1ccc(cc1)C(C(F)(F)F)(C(F)(F)F)c1ccc(cc1)C(=O)[O-]; [Co][Co].[O-]C(=O)c1ccc(cc1)C(C(F)(F)F)(C(F)(F)F)c1ccc(cc1)C(=O)[O-]; [Fe][O]([Fe])[Fe].[O-]C(=O)c1ccc(cc1)C(C(F)(F)F)(C(F)(F)F)c1ccc(cc1)C(=O)[O-]; [Mn].[O-]C(=O)c1ccc(cc1)C(C(F)(F)F)(C(F)(F)F)c1ccc(cc1)C(=O)[O-]
[O-]C(=O)c1ccc(cc1)C(c1ccc(cc1)C(=O)[O-])(c1ccc(cc1)C(=O)[O-])c1ccc(cc1)C(=O)[O-],4-[tris(4-carboxylatophenyl)methyl]benzoate,Ce,[Ce].[O-]C(=O)c1ccc(cc1)C(c1ccc(cc1)C(=O)[O-])(c1ccc(cc1)C(=O)[O-])c1ccc(cc1)C(=O)[O-]
[O-]C(=O)c1ccc(cc1)C(c1ccc(cc1)C(=O)[O-])N1[N]C=N[CH]1,,Zn,[O-]C(=O)c1ccc(cc1)C(c1ccc(cc1)C(=O)[O-])N1[N]C=N[CH]1.[Zn]
[O-]C(=O)c1ccc(cc1)C(c1ccc(cc1)C(=O)[O-])c1ccc(cc1)C(=O)[O-],4-[bis(4-carboxylatophenyl)methyl]benzoate,Zn,[O-]C(=O)c1ccc(cc1)C(c1ccc(cc1)C(=O)[O-])c1ccc(cc1)C(=O)[O-].[Zn][OH]1[Zn][OH]([Zn]1)[Zn]
[O-]C(=O)c1ccc(cc1)C1=C(N[C](N1)c1ccc(cc1)[C]1NC(=C(N1)c1ccc(cc1)C(=O)[O-])c1ccc(cc1)C(=O)[O-])c1ccc(cc1)C(=O)[O-],,Cd,[Cd].[O-]C(=O)c1ccc(cc1)C1=C(N[C](N1)c1ccc(cc1)[C]1NC(=C(N1)c1ccc(cc1)C(=O)[O-])c1ccc(cc1)C(=O)[O-])c1ccc(cc1)C(=O)[O-]
[O-]C(=O)c1ccc(cc1)C1=C(SC(=C2SC(=C(S2)c2ccc(cc2)C(=O)[O-])c2ccc(cc2)C(=O)[O-])S1)c1ccc(cc1)C(=O)[O-],"4-[2-[4,5-bis(4-carboxylatophenyl)-1,3-dithiol-2-ylidene]-5-(4-carboxylatophenyl)-1,3-dithiol-4-yl]benzoate","Cd, Co, La, U",[Cd].[O-]C(=O)c1ccc(cc1)C1=C(SC(=C2SC(=C(S2)c2ccc(cc2)C(=O)[O-])c2ccc(cc2)C(=O)[O-])S1)c1ccc(cc1)C(=O)[O-].[O][Cd]; [Co].[O-]C(=O)c1ccc(cc1)C1=C(SC(=C2SC(=C(S2)c2ccc(cc2)C(=O)[O-])c2ccc(cc2)C(=O)[O-])S1)c1ccc(cc1)C(=O)[O-]; [La][OH2][La].[O-]C(=O)c1ccc(cc1)C1=C(SC(=C2SC(=C(S2)c2ccc(cc2)C(=O)[O-])c2ccc(cc2)C(=O)[O-])S1)c1ccc(cc1)C(=O)[O-]; [O-]C(=O)c1ccc(cc1)C1=C(SC(=C2SC(=C(S2)c2ccc(cc2)C(=O)[O-])c2ccc(cc2)C(=O)[O-])S1)c1ccc(cc1)C(=O)[O-].[U]
[O-]C(=O)c1ccc(cc1)C1=C2C=CC(=C(c3ccncc3)C3=NC(=C(C4=CC=C(C(=C5N=C1C=C5)c1ccncc1)[N]4)c1ccc(cc1)C(=O)[O-])C=C3)[N]2,,Co,[Co].[O-]C(=O)c1ccc(cc1)C1=C2C=CC(=C(c3ccncc3)C3=NC(=C(C4=CC=C(C(=C5N=C1C=C5)c1ccncc1)[N]4)c1ccc(cc1)C(=O)[O-])C=C3)[N]2
[O-]C(=O)c1ccc(cc1)C1=C2C=CC(=N2)C(=c2ccc(=C(C3=NC(=C(c4[nH]c1cc4)c1ccc(cc1)C(=O)[O-])C=C3)c1ccc(cc1)C(=O)[O-])[nH]2)c1ccc(cc1)C(=O)[O-],"4,4',4'',4'''-(Porphyrin-5,10,15,20-tetrayl)tetrabenzoate",In,[In].[O-]C(=O)c1ccc(cc1)C1=C2C=CC(=N2)C(=c2ccc(=C(C3=NC(=C(c4[nH]c1cc4)c1ccc(cc1)C(=O)[O-])C=C3)c1ccc(cc1)C(=O)[O-])[nH]2)c1ccc(cc1)C(=O)[O-].[OH]
[O-]C(=O)c1ccc(cc1)C1=C2C=CC3=[N]2[Cu]24n5c1ccc5C(=C1[N]2=C(C=C1)C(=c1n4c(=C3c2ccc(cc2)C(=O)[O-])cc1)c1ccc(cc1)C(=O)[O-])c1ccc(cc1)C(=O)[O-],64424-13-1,Zr,[O-]C(=O)c1ccc(cc1)C1=C2C=CC3=[N]2[Cu]24n5c1ccc5C(=C1[N]2=C(C=C1)C(=c1n4c(=C3c2ccc(cc2)C(=O)[O-])cc1)c1ccc(cc1)C(=O)[O-])c1ccc(cc1)C(=O)[O-].[O]12[Zr]34[O]5[Zr]62[O]2[Zr]71[O]4[Zr]14[O]3[Zr]35[O]6[Zr]2([O]71)[O]43
[O-]C(=O)c1ccc(cc1)C1=C2C=CC3=[N]2[Zn]24n5c1ccc5C(=C1[N]2=C(C=C1)C(=c1n4c(=C3c2ccc(cc2)C(=O)[O-])cc1)c1ccc(cc1)C(=O)[O-])c1ccc(cc1)C(=O)[O-],83294-30-8,Ce,[O-]C(=O)c1ccc(cc1)C1=C2C=CC3=[N]2[Zn]24n5c1ccc5C(=C1[N]2=C(C=C1)C(=c1n4c(=C3c2ccc(cc2)C(=O)[O-])cc1)c1ccc(cc1)C(=O)[O-])c1ccc(cc1)C(=O)[O-].[O]12[Ce]34[O]5[Ce]62[O]2[Ce]71[O]4[Ce]14[O]3[Ce]35[O]6[Ce]2([O]71)[O]43
[O-]C(=O)c1ccc(cc1)C=Cc1ccc(cc1)C(=O)[O-],4-[2-(4-carboxylatophenyl)ethenyl]benzoate,"Er, Gd, Ho",[Er].[O-]C(=O)c1ccc(cc1)C=Cc1ccc(cc1)C(=O)[O-]; [Gd].[O-]C(=O)c1ccc(cc1)C=Cc1ccc(cc1)C(=O)[O-]; [Ho].[O-]C(=O)c1ccc(cc1)C=Cc1ccc(cc1)C(=O)[O-]
[O-]C(=O)c1ccc(cc1)C=Nc1ccc(cc1)n1cncc1,,Cd,[Cd].[O-]C(=O)c1ccc(cc1)C=Nc1ccc(cc1)n1cncc1
[O-]C(=O)c1ccc(cc1)CN(Cc1ccc(cc1)C(=O)[O-])Cc1ccc(cc1)CN(Cc1ccc(cc1)C(=O)[O-])Cc1ccc(cc1)C(=O)[O-],,"Cd, Co, Cu",[Cd].[O-]C(=O)c1ccc(cc1)CN(Cc1ccc(cc1)C(=O)[O-])Cc1ccc(cc1)CN(Cc1ccc(cc1)C(=O)[O-])Cc1ccc(cc1)C(=O)[O-]; [Co][OH2][Co].[O-]C(=O)c1ccc(cc1)CN(Cc1ccc(cc1)C(=O)[O-])Cc1ccc(cc1)CN(Cc1ccc(cc1)C(=O)[O-])Cc1ccc(cc1)C(=O)[O-]; [Cu][Cu].[O-]C(=O)c1ccc(cc1)CN(Cc1ccc(cc1)C(=O)[O-])Cc1ccc(cc1)CN(Cc1ccc(cc1)C(=O)[O-])Cc1ccc(cc1)C(=O)[O-]
[O-]C(=O)c1ccc(cc1)CN1CCN(CCN(CC1)Cc1ccc(cc1)C(=O)[O-])Cc1ccc(cc1)C(=O)[O-],,Zn,[O-]C(=O)c1ccc(cc1)CN1CCN(CCN(CC1)Cc1ccc(cc1)C(=O)[O-])Cc1ccc(cc1)C(=O)[O-].[Zn]
[O-]C(=O)c1ccc(cc1)CNCc1ccc(cc1)C(=O)[O-],4-[[(4-carboxylatophenyl)methylamino]methyl]benzoate,Zn,[O-]C(=O)c1ccc(cc1)CNCc1ccc(cc1)C(=O)[O-].[Zn][Zn]
[O-]C(=O)c1ccc(cc1)C[NH](Cc1ccc(cc1)C(=O)[O-])CCCN(Cc1ccc(cc1)C(=O)[O-])Cc1ccc(cc1)C(=O)[O-],,Zn,[O-]C(=O)c1ccc(cc1)C[NH](Cc1ccc(cc1)C(=O)[O-])CCCN(Cc1ccc(cc1)C(=O)[O-])Cc1ccc(cc1)C(=O)[O-].[Zn]
[O-]C(=O)c1ccc(cc1)N(c1c(C)cc(cc1C)c1cc(C)c(c(c1)C)N(c1ccc(cc1)C(=O)O)c1ccc(cc1)C(=O)[O-])c1ccc(cc1)C(=O)[O-],,In,[In].[O-]C(=O)c1ccc(cc1)N(c1c(C)cc(cc1C)c1cc(C)c(c(c1)C)N(c1ccc(cc1)C(=O)O)c1ccc(cc1)C(=O)[O-])c1ccc(cc1)C(=O)[O-]
[O-]C(=O)c1ccc(cc1)N(c1ccc(cc1)C(=O)[O-])c1ccc(cc1)C(=O)[O-],4-(4-carboxylato-N-(4-carboxylatophenyl)anilino)benzoate,"Cd, Eu, In, La, Zn",[Cd].[O-]C(=O)c1ccc(cc1)N(c1ccc(cc1)C(=O)[O-])c1ccc(cc1)C(=O)[O-]; [Eu].[O-]C(=O)c1ccc(cc1)N(c1ccc(cc1)C(=O)[O-])c1ccc(cc1)C(=O)[O-]; [In].[O-]C(=O)c1ccc(cc1)N(c1ccc(cc1)C(=O)[O-])c1ccc(cc1)C(=O)[O-]; [La].[O-]C(=O)c1ccc(cc1)N(c1ccc(cc1)C(=O)[O-])c1ccc(cc1)C(=O)[O-]; [O-]C(=O)c1ccc(cc1)N(c1ccc(cc1)C(=O)[O-])c1ccc(cc1)C(=O)[O-].[Zn][O]([Zn])([Zn])[Zn]
[O-]C(=O)c1ccc(cc1)N(c1ccc(cc1)C(=O)[O-])c1ccc(cc1)c1ccc(cc1)N(c1ccc(cc1)C(=O)[O-])c1ccc(cc1)C(=O)[O-],4-[4-[4-(4-carboxylato-N-(4-carboxylatophenyl)anilino)phenyl]-N-(4-carboxylatophenyl)anilino]benzoate,"Cd, Co, In",[Cd].[O-]C(=O)c1ccc(cc1)N(c1ccc(cc1)C(=O)[O-])c1ccc(cc1)c1ccc(cc1)N(c1ccc(cc1)C(=O)[O-])c1ccc(cc1)C(=O)[O-]; [Co].[O-]C(=O)c1ccc(cc1)N(c1ccc(cc1)C(=O)[O-])c1ccc(cc1)c1ccc(cc1)N(c1ccc(cc1)C(=O)[O-])c1ccc(cc1)C(=O)[O-]; [In].[O-]C(=O)c1ccc(cc1)N(c1ccc(cc1)C(=O)[O-])c1ccc(cc1)c1ccc(cc1)N(c1ccc(cc1)C(=O)[O-])c1ccc(cc1)C(=O)[O-]
[O-]C(=O)c1ccc(cc1)N(c1ccc(cc1)c1ccc(s1)C(=O)[O-])c1ccc(cc1)c1ccc(s1)C(=O)[O-],,Zn,[O-]C(=O)c1ccc(cc1)N(c1ccc(cc1)c1ccc(s1)C(=O)[O-])c1ccc(cc1)c1ccc(s1)C(=O)[O-].[Zn][O]([Zn])([Zn])[Zn]
[O-]C(=O)c1ccc(cc1)N1[CH]C=C(C=C1)c1ccncc1,,Ce,I[Cu]1(I)[Cu][Cu]1(I)I.I[Cu]1[Cu]([Cu]1(I)I)(I)I.[Ce].[O-]C(=O)c1ccc(cc1)N1[CH]C=C(C=C1)c1ccncc1
[O-]C(=O)c1ccc(cc1)NC1=NC(=[N]=C([N]1)Nc1ccc(cc1)C(=O)[O-])Nc1ccc(cc1)C(=O)[O-],,"Fe, Zn",[Fe][O]([Fe])[Fe].[O-]C(=O)c1ccc(cc1)NC1=NC(=[N]=C([N]1)Nc1ccc(cc1)C(=O)[O-])Nc1ccc(cc1)C(=O)[O-]; [O-]C(=O)c1ccc(cc1)NC1=NC(=[N]=C([N]1)Nc1ccc(cc1)C(=O)[O-])Nc1ccc(cc1)C(=O)[O-].[Zn][O]([Zn])([Zn])[Zn]
[O-]C(=O)c1ccc(cc1)NC1=[N]=C(N=C([N]1)Nc1cc(cc(c1)C(=O)[O-])C(=O)[O-])Nc1cc(cc(c1)C(=O)[O-])C(=O)[O-],,Zn,[O-]C(=O)c1ccc(cc1)NC1=[N]=C(N=C([N]1)Nc1cc(cc(c1)C(=O)[O-])C(=O)[O-])Nc1cc(cc(c1)C(=O)[O-])C(=O)[O-].[Zn]
[O-]C(=O)c1ccc(cc1)OCC(COc1ccc(cc1)C(=O)[O-])(COc1ccc(cc1)C(=O)[O-])COc1ccc(cc1)C(=O)[O-],"4-[3-(4-carboxylatophenoxy)-2,2-bis[(4-carboxylatophenoxy)methyl]propoxy]benzoate","Cu, Mg",[Cu][Cu].[O-]C(=O)c1ccc(cc1)OCC(COc1ccc(cc1)C(=O)[O-])(COc1ccc(cc1)C(=O)[O-])COc1ccc(cc1)C(=O)[O-]; [Mg].[O-]C(=O)c1ccc(cc1)OCC(COc1ccc(cc1)C(=O)[O-])(COc1ccc(cc1)C(=O)[O-])COc1ccc(cc1)C(=O)[O-]
[O-]C(=O)c1ccc(cc1)OCc1cc(COc2ccc(cc2)C(=O)[O-])c(cc1COc1ccc(cc1)C(=O)[O-])COc1ccc(cc1)C(=O)[O-],,Cd,[Cd].[O-]C(=O)c1ccc(cc1)OCc1cc(COc2ccc(cc2)C(=O)[O-])c(cc1COc1ccc(cc1)C(=O)[O-])COc1ccc(cc1)C(=O)[O-]
[O-]C(=O)c1ccc(cc1)OCc1cc(cc(c1)C(=O)[O-])C(=O)[O-],,"Ce, Er, Eu, Gd, Ho, La, Nd, Pr, Sm, Tb",[Ce].[O-]C(=O)c1ccc(cc1)OCc1cc(cc(c1)C(=O)[O-])C(=O)[O-]; [Er].[O-]C(=O)c1ccc(cc1)OCc1cc(cc(c1)C(=O)[O-])C(=O)[O-]; [Eu].[O-]C(=O)c1ccc(cc1)OCc1cc(cc(c1)C(=O)[O-])C(=O)[O-]; [Gd].[O-]C(=O)c1ccc(cc1)OCc1cc(cc(c1)C(=O)[O-])C(=O)[O-]; [Ho].[O-]C(=O)c1ccc(cc1)OCc1cc(cc(c1)C(=O)[O-])C(=O)[O-]; [La].[O-]C(=O)c1ccc(cc1)OCc1cc(cc(c1)C(=O)[O-])C(=O)[O-]; [Nd].[O-]C(=O)c1ccc(cc1)OCc1cc(cc(c1)C(=O)[O-])C(=O)[O-]; [O-]C(=O)c1ccc(cc1)OCc1cc(cc(c1)C(=O)[O-])C(=O)[O-].[Pr]; [O-]C(=O)c1ccc(cc1)OCc1cc(cc(c1)C(=O)[O-])C(=O)[O-].[Sm]; [O-]C(=O)c1ccc(cc1)OCc1cc(cc(c1)C(=O)[O-])C(=O)[O-].[Tb]
[O-]C(=O)c1ccc(cc1)Oc1cc(cc(c1)Oc1ccc(cc1)C(=O)[O-])Oc1ccc(cc1)C(=O)[O-],,Cd,[Cd].[O-]C(=O)c1ccc(cc1)Oc1cc(cc(c1)Oc1ccc(cc1)C(=O)[O-])Oc1ccc(cc1)C(=O)[O-]
[O-]C(=O)c1ccc(cc1)Oc1ccc(cc1)C(=O)[O-],4-(4-carboxylatophenoxy)benzoate,"Nd, Tb, Y, Zn, Zr",[Nd].[O-]C(=O)c1ccc(cc1)Oc1ccc(cc1)C(=O)[O-]; [O-]C(=O)c1ccc(cc1)Oc1ccc(cc1)C(=O)[O-].[O]12[Y]34[O]5[Y]62[O]2[Y]71[O]4[Y]14[O]3[Y]35[O]6[Y]2([O]71)[O]43; [O-]C(=O)c1ccc(cc1)Oc1ccc(cc1)C(=O)[O-].[O]12[Zr]34[O]5[Zr]62[O]2[Zr]71[O]4[Zr]14[O]3[Zr]35[O]6[Zr]2([O]71)[O]43; [O-]C(=O)c1ccc(cc1)Oc1ccc(cc1)C(=O)[O-].[Tb]; [O-]C(=O)c1ccc(cc1)Oc1ccc(cc1)C(=O)[O-].[Zn]; [O-]C(=O)c1ccc(cc1)Oc1ccc(cc1)C(=O)[O-].[Zn][Zn]
[O-]C(=O)c1ccc(cc1)P(=O)(c1ccc(cc1)C(=O)O)c1ccc(cc1)C(=O)[O-],,Zn,[O-]C(=O)c1ccc(cc1)P(=O)(c1ccc(cc1)C(=O)O)c1ccc(cc1)C(=O)[O-].[Zn][Zn]
[O-]C(=O)c1ccc(cc1)S(=O)(=O)c1ccc(cc1)C(=O)[O-],4-(4-carboxylatophenyl)sulfonylbenzoate,"Cd, Zn",[Cd][Cd].[O-]C(=O)c1ccc(cc1)S(=O)(=O)c1ccc(cc1)C(=O)[O-]; [O-]C(=O)c1ccc(cc1)S(=O)(=O)c1ccc(cc1)C(=O)[O-].[OH].[Zn]
[O-]C(=O)c1ccc(cc1)SSc1ccc(cc1)C(=O)[O-],4-[(4-carboxylatophenyl)disulfanyl]benzoate,Cu,[Cu][Cu].[O-]C(=O)c1ccc(cc1)SSc1ccc(cc1)C(=O)[O-]
[O-]C(=O)c1ccc(cc1)[B]12ON3C4=C(N5[Fe]6783N(O1)C1=C(N8O[B](ON7C3=C(N6O2)CCCC3)(O5)c2ccc(cc2)C(=O)[O-])CCCC1)CCCC4,,Zn,[O-]C(=O)c1ccc(cc1)[B]12ON3C4=C(N5[Fe]6783N(O1)C1=C(N8O[B](ON7C3=C(N6O2)CCCC3)(O5)c2ccc(cc2)C(=O)[O-])CCCC1)CCCC4.[Zn][Zn]
[O-]C(=O)c1ccc(cc1)[C]1N[C](N[C](N1)c1ccc(cc1)C(=O)[O-])c1ccc(cc1)C(=O)[O-],,Eu,[Eu].[O-]C(=O)c1ccc(cc1)[C]1N[C](N[C](N1)c1ccc(cc1)C(=O)[O-])c1ccc(cc1)C(=O)[O-]
[O-]C(=O)c1ccc(cc1)[Si](c1ccc(cc1)C(=O)[O-])(O[Si](c1ccc(cc1)C(=O)[O-])(c1ccc(cc1)C(=O)[O-])C)C,,Zr,[O-]C(=O)c1ccc(cc1)[Si](c1ccc(cc1)C(=O)[O-])(O[Si](c1ccc(cc1)C(=O)[O-])(c1ccc(cc1)C(=O)[O-])C)C.[O]12[Zr]34[O]5[Zr]62[O]2[Zr]71[O]4[Zr]14[O]3[Zr]35[O]6[Zr]2([O]71)[O]43
[O-]C(=O)c1ccc(cc1)[Si](c1ccc(cc1)C(=O)[O-])(c1ccc(cc1)C(=O)[O-])O,,"Mn, Zn",[Mn].[O-]C(=O)c1ccc(cc1)[Si](c1ccc(cc1)C(=O)[O-])(c1ccc(cc1)C(=O)[O-])O; [O-]C(=O)c1ccc(cc1)[Si](c1ccc(cc1)C(=O)[O-])(c1ccc(cc1)C(=O)[O-])O.[Zn][OH]1[Zn][OH]([Zn]1)[Zn]
[O-]C(=O)c1ccc(cc1)[Si](c1ccc(cc1)C(=O)[O-])(c1ccc(cc1)C(=O)[O-])c1ccc(cc1)C(=O)[O-],4-tris(4-carboxylatophenyl)silylbenzoate,Zn,[O-]C(=O)c1ccc(cc1)[Si](c1ccc(cc1)C(=O)[O-])(c1ccc(cc1)C(=O)[O-])c1ccc(cc1)C(=O)[O-].[Zn]
[O-]C(=O)c1ccc(cc1)c1c(C)[n-][nH]c1C,,Cu,[Cu].[O-]C(=O)c1ccc(cc1)c1c(C)[n-][nH]c1C
[O-]C(=O)c1ccc(cc1)c1c(c2ccc(cc2)C(=O)O)c(c(n1c1ccc(cc1)C(=O)[O-])c1ccc(cc1)C(=O)[O-])c1ccc(cc1)C(=O)[O-],,Cu,[Cu][Cu].[O-]C(=O)c1ccc(cc1)c1c(c2ccc(cc2)C(=O)O)c(c(n1c1ccc(cc1)C(=O)[O-])c1ccc(cc1)C(=O)[O-])c1ccc(cc1)C(=O)[O-]
[O-]C(=O)c1ccc(cc1)c1c2cccc3c2c2c(c1c1ccc(cc1)C(=O)[O-])cccc2c(c3c1ccc(cc1)C(=O)[O-])c1ccc(cc1)C(=O)[O-],,Zr,[O-]C(=O)c1ccc(cc1)c1c2cccc3c2c2c(c1c1ccc(cc1)C(=O)[O-])cccc2c(c3c1ccc(cc1)C(=O)[O-])c1ccc(cc1)C(=O)[O-].[O]12[Zr]34[O]5[Zr]62[O]2[Zr]71[O]4[Zr]14[O]3[Zr]35[O]6[Zr]2([O]71)[O]43
[O-]C(=O)c1ccc(cc1)c1c2ccccc2c(c2c1cccc2)c1ccc(cc1)C(=O)[O-],4-[10-(4-carboxylatophenyl)anthracen-9-yl]benzoate,Cd,[Cd].[O-]C(=O)c1ccc(cc1)c1c2ccccc2c(c2c1cccc2)c1ccc(cc1)C(=O)[O-]
[O-]C(=O)c1ccc(cc1)c1cc(C#CC#Cc2cc(cc(c2)c2ccc(cc2)C(=O)[O-])c2ccc(cc2)C(=O)[O-])cc(c1)c1ccc(cc1)C(=O)[O-],,"Hf, Zr",[O-]C(=O)c1ccc(cc1)c1cc(C#CC#Cc2cc(cc(c2)c2ccc(cc2)C(=O)[O-])c2ccc(cc2)C(=O)[O-])cc(c1)c1ccc(cc1)C(=O)[O-].[O]12[Hf]34[O]5[Hf]62[O]2[Hf]71[O]4[Hf]14[O]3[Hf]35[O]6[Hf]2([O]71)[O]43; [O-]C(=O)c1ccc(cc1)c1cc(C#CC#Cc2cc(cc(c2)c2ccc(cc2)C(=O)[O-])c2ccc(cc2)C(=O)[O-])cc(c1)c1ccc(cc1)C(=O)[O-].[O]12[Zr]34[O]5[Zr]62[O]2[Zr]71[O]4[Zr]14[O]3[Zr]35[O]6[Zr]2([O]71)[O]43
[O-]C(=O)c1ccc(cc1)c1cc(C)c(cc1C)c1cc(c2cc(C)c(cc2C)c2ccc(cc2)C(=O)[O-])c2c3c1ccc1c3c(cc2)c(cc1c1cc(C)c(cc1C)c1ccc(cc1)C(=O)[O-])c1cc(C)c(cc1C)c1ccc(cc1)C(=O)[O-],,Zr,[O-]C(=O)c1ccc(cc1)c1cc(C)c(cc1C)c1cc(c2cc(C)c(cc2C)c2ccc(cc2)C(=O)[O-])c2c3c1ccc1c3c(cc2)c(cc1c1cc(C)c(cc1C)c1ccc(cc1)C(=O)[O-])c1cc(C)c(cc1C)c1ccc(cc1)C(=O)[O-].[O]12[Zr]34[OH]5[Zr]62[OH]2[Zr]71[OH]4[Zr]14[O]3[Zr]35[O]6[Zr]2([O]71)[OH]43
[O-]C(=O)c1ccc(cc1)c1cc(c2ccc(cc2)C(=O)[O-])c(c(c1C)c1c(C)c(cc(c1O)c1ccc(cc1)C(=O)[O-])c1ccc(cc1)C(=O)[O-])O,,Zr,[O-]C(=O)c1ccc(cc1)c1cc(c2ccc(cc2)C(=O)[O-])c(c(c1C)c1c(C)c(cc(c1O)c1ccc(cc1)C(=O)[O-])c1ccc(cc1)C(=O)[O-])O.[O]12[Zr]34[O]5[Zr]62[O]2[Zr]71[O]3[Zr]1389%10[O]%114[Zr]4%12%13%145[O]56[Zr]6%15%162([O]71[O]86[Zr]12[O]%10[Zr]6([O]3%114)[O]%13[Zr]([O]%125%15)([O]%161)[O]26)[O]9%14
[O-]C(=O)c1ccc(cc1)c1cc(c2ccc(cc2)C(=O)[O-])c(cc1c1ccc(cc1)C(=O)[O-])c1ccc(cc1)C(=O)[O-],"4-[2,4,5-tris(4-carboxylatophenyl)phenyl]benzoate",V,[O-]C(=O)c1ccc(cc1)c1cc(c2ccc(cc2)C(=O)[O-])c(cc1c1ccc(cc1)C(=O)[O-])c1ccc(cc1)C(=O)[O-].[O].[V]
[O-]C(=O)c1ccc(cc1)c1cc(c2ccc(cc2)C(=O)[O-])c2c(c1)c1cc(cc(c1[nH]2)c1ccc(cc1)C(=O)[O-])c1ccc(cc1)C(=O)[O-],,Zr,[O-]C(=O)c1ccc(cc1)c1cc(c2ccc(cc2)C(=O)[O-])c2c(c1)c1cc(cc(c1[nH]2)c1ccc(cc1)C(=O)[O-])c1ccc(cc1)C(=O)[O-].[O]12[Zr]34[O]5[Zr]62[O]2[Zr]71[O]4[Zr]14[O]3[Zr]35[O]6[Zr]2([O]71)[O]43
[O-]C(=O)c1ccc(cc1)c1cc(c2ccc(cc2)C(=O)[O-])c2c3c1CCC13CCc3c1c(OP(=O)(O2)[O])c(cc3c1ccc(cc1)C(=O)[O-])c1ccc(cc1)C(=O)[O-],,Zr,[O-]C(=O)c1ccc(cc1)c1cc(c2ccc(cc2)C(=O)[O-])c2c3c1CCC13CCc3c1c(OP(=O)(O2)[O])c(cc3c1ccc(cc1)C(=O)[O-])c1ccc(cc1)C(=O)[O-].[O]12[Zr]34[O]5[Zr]62[O]2[Zr]71[O]4[Zr]14[O]3[Zr]35[O]6[Zr]2([O]71)[O]43
[O-]C(=O)c1ccc(cc1)c1cc(c2ccc(cc2)C(=O)[O-])c2c3c1ccc1c3c(cc2)c(cc1c1ccc(cc1)C(=O)[O-])c1ccc(cc1)C(=O)[O-],"4-[3,6,8-tris(4-carboxylatophenyl)pyren-1-yl]benzoate","Bi, Ce, Mn, Zn, Zr",[Bi].[O-]C(=O)c1ccc(cc1)c1cc(c2ccc(cc2)C(=O)[O-])c2c3c1ccc1c3c(cc2)c(cc1c1ccc(cc1)C(=O)[O-])c1ccc(cc1)C(=O)[O-]; [Mn][OH2][Mn][OH2][Mn].[O-]C(=O)c1ccc(cc1)c1cc(c2ccc(cc2)C(=O)[O-])c2c3c1ccc1c3c(cc2)c(cc1c1ccc(cc1)C(=O)[O-])c1ccc(cc1)C(=O)[O-]; [O-]C(=O)c1ccc(cc1)c1cc(c2ccc(cc2)C(=O)[O-])c2c3c1ccc1c3c(cc2)c(cc1c1ccc(cc1)C(=O)[O-])c1ccc(cc1)C(=O)[O-].[O]12[Ce]34[O]5[Ce]62[O]2[Ce]71[O]4[Ce]14[O]3[Ce]35[O]6[Ce]2([O]71)[O]43; [O-]C(=O)c1ccc(cc1)c1cc(c2ccc(cc2)C(=O)[O-])c2c3c1ccc1c3c(cc2)c(cc1c1ccc(cc1)C(=O)[O-])c1ccc(cc1)C(=O)[O-].[O]12[Zr]34[O]5[Zr]62[O]2[Zr]71[O]4[Zr]14[O]3[Zr]35[O]6[Zr]2([O]71)[O]43; [O-]C(=O)c1ccc(cc1)c1cc(c2ccc(cc2)C(=O)[O-])c2c3c1ccc1c3c(cc2)c(cc1c1ccc(cc1)C(=O)[O-])c1ccc(cc1)C(=O)[O-].[Zn]; [O-]C(=O)c1ccc(cc1)c1cc(c2ccc(cc2)C(=O)[O-])c2c3c1ccc1c3c(cc2)c(cc1c1ccc(cc1)C(=O)[O-])c1ccc(cc1)C(=O)[O-].[Zn][Zn]
[O-]C(=O)c1ccc(cc1)c1cc(cc(c1)C(=O)[O-])C(=O)[O-],"5-(4-carboxylatophenyl)benzene-1,3-dicarboxylate",Cd,[Cd][Cd].[O-]C(=O)c1ccc(cc1)c1cc(cc(c1)C(=O)[O-])C(=O)[O-]
[O-]C(=O)c1ccc(cc1)c1cc(cc(c1)c1ccc(cc1)C(=O)[O-])C1=NN=N[N]1,,Tb,[O-]C(=O)c1ccc(cc1)c1cc(cc(c1)c1ccc(cc1)C(=O)[O-])C1=NN=N[N]1.[OH]12[Tb]34[OH]5[Tb]672[O]2[Tb]891[OH]4[Tb]14%10[OH]3[Tb]3%115[OH]7[Tb]57[OH]6[Tb]6%122[OH]9[Tb]2([OH]81)[OH]%10[Tb]([OH]35)([O]4%11)([OH]62)[OH]7%12
[O-]C(=O)c1ccc(cc1)c1cc(cc(c1)c1ccc(cc1)C(=O)[O-])c1ccc(cc1)C(=O)[O-],"4-[3,5-bis(4-carboxylatophenyl)phenyl]benzoate","Ag, Al, Eu, Yb",[Ag][Ag].[O-]C(=O)c1ccc(cc1)c1cc(cc(c1)c1ccc(cc1)C(=O)[O-])c1ccc(cc1)C(=O)[O-]; [Al]1[OH][Al][OH][Al][OH][Al][OH][Al][OH][Al][OH][Al][OH][Al][OH]1.[O-]C(=O)c1ccc(cc1)c1cc(cc(c1)c1ccc(cc1)C(=O)[O-])c1ccc(cc1)C(=O)[O-]; [Eu].[O-]C(=O)c1ccc(cc1)c1cc(cc(c1)c1ccc(cc1)C(=O)[O-])c1ccc(cc1)C(=O)[O-]; [O-]C(=O)c1ccc(cc1)c1cc(cc(c1)c1ccc(cc1)C(=O)[O-])c1ccc(cc1)C(=O)[O-].[Yb][Yb]
[O-]C(=O)c1ccc(cc1)c1cc(cc(n1)c1ccc(cc1)C(=O)[O-])c1ccc(cc1)c1cc(nc(c1)c1ccc(cc1)C(=O)[O-])c1ccc(cc1)C(=O)[O-],,In,[In].[O-]C(=O)c1ccc(cc1)c1cc(cc(n1)c1ccc(cc1)C(=O)[O-])c1ccc(cc1)c1cc(nc(c1)c1ccc(cc1)C(=O)[O-])c1ccc(cc1)C(=O)[O-]
[O-]C(=O)c1ccc(cc1)c1cc(cc(n1)c1ccc(cc1)C(=O)[O-])c1ccncc1,4-[6-(4-carboxylatophenyl)-4-pyridin-4-yl-2-pyridinyl]benzoate,Tb,[O-]C(=O)c1ccc(cc1)c1cc(cc(n1)c1ccc(cc1)C(=O)[O-])c1ccncc1.[Tb][OH]1[Tb][OH]2[Tb]1[OH]1[Tb]2[OH]([Tb]1)[Tb]
[O-]C(=O)c1ccc(cc1)c1cc2c(cc1c1ccc(cc1)C(=O)[O-])C1c3c(C2c2c1cc(c(c2)c1ccc(cc1)C(=O)[O-])c1ccc(cc1)C(=O)[O-])cc(c(c3)c1ccc(cc1)C(=O)[O-])c1ccc(cc1)C(=O)[O-],,"Cr, Fe",[Cr][O]([Cr])[Cr].[O-]C(=O)c1ccc(cc1)c1cc2c(cc1c1ccc(cc1)C(=O)[O-])C1c3c(C2c2c1cc(c(c2)c1ccc(cc1)C(=O)[O-])c1ccc(cc1)C(=O)[O-])cc(c(c3)c1ccc(cc1)C(=O)[O-])c1ccc(cc1)C(=O)[O-]; [Fe][O]([Fe])[Fe].[O-]C(=O)c1ccc(cc1)c1cc2c(cc1c1ccc(cc1)C(=O)[O-])C1c3c(C2c2c1cc(c(c2)c1ccc(cc1)C(=O)[O-])c1ccc(cc1)C(=O)[O-])cc(c(c3)c1ccc(cc1)C(=O)[O-])c1ccc(cc1)C(=O)[O-]
[O-]C(=O)c1ccc(cc1)c1cc2c(cc1c1ccc(cc1)C(=O)[O-])c1cc(c3ccc(cc3)C(=O)[O-])c(cc1c1c2cc(c2ccc(cc2)C(=O)[O-])c(c1)c1ccc(cc1)C(=O)[O-])c1ccc(cc1)C(=O)[O-],,Zr,[O-]C(=O)c1ccc(cc1)c1cc2c(cc1c1ccc(cc1)C(=O)[O-])c1cc(c3ccc(cc3)C(=O)[O-])c(cc1c1c2cc(c2ccc(cc2)C(=O)[O-])c(c1)c1ccc(cc1)C(=O)[O-])c1ccc(cc1)C(=O)[O-].[O]12[Zr]34[O]5[Zr]62[O]2[Zr]71[O]4[Zr]14[O]3[Zr]35[O]6[Zr]2([O]71)[O]43
[O-]C(=O)c1ccc(cc1)c1ccc(c(c1)[O])C(=O)[O-],,Zn,[O-]C(=O)c1ccc(cc1)c1ccc(c(c1)[O])C(=O)[O-].[OH].[Zn]
[O-]C(=O)c1ccc(cc1)c1ccc(c2c1N[C](N2)c1ccc(cc1)[C]1Nc2c(N1)c(ccc2c1ccc(cc1)C(=O)[O-])c1ccc(cc1)C(=O)[O-])c1ccc(cc1)C(=O)[O-],,Zn,[O-]C(=O)c1ccc(cc1)c1ccc(c2c1N[C](N2)c1ccc(cc1)[C]1Nc2c(N1)c(ccc2c1ccc(cc1)C(=O)[O-])c1ccc(cc1)C(=O)[O-])c1ccc(cc1)C(=O)[O-].[Zn][O]([Zn])([Zn])[Zn]
[O-]C(=O)c1ccc(cc1)c1ccc(cc1)C(=C(c1ccc(cc1)c1ccc(cc1)C(=O)[O-])c1ccc(cc1)c1ccc(cc1)C(=O)[O-])c1ccc(cc1)c1ccc(cc1)C(=O)[O-],,Zr,[O-]C(=O)c1ccc(cc1)c1ccc(cc1)C(=C(c1ccc(cc1)c1ccc(cc1)C(=O)[O-])c1ccc(cc1)c1ccc(cc1)C(=O)[O-])c1ccc(cc1)c1ccc(cc1)C(=O)[O-].[O]12[Zr]34[O]5[Zr]62[O]2[Zr]71[O]4[Zr]14[O]3[Zr]35[O]6[Zr]2([O]71)[O]43
[O-]C(=O)c1ccc(cc1)c1ccc(cc1)C(=O)[O-],"4,4'-biphenyldicarboxylate","Co, In, Mn, Tb, Zn, Zr",[Co].[O-]C(=O)c1ccc(cc1)c1ccc(cc1)C(=O)[O-]; [In].[O-]C(=O)c1ccc(cc1)c1ccc(cc1)C(=O)[O-]; [Mn][OH2][Mn].[O-]C(=O)c1ccc(cc1)c1ccc(cc1)C(=O)[O-]; [O-]C(=O)c1ccc(cc1)c1ccc(cc1)C(=O)[O-].[OH]12[Tb]34[OH]5[Tb]62[OH]2[Tb]71[OH]4[Tb]14[OH]3[Tb]35[OH]6[Tb]2([OH]71)[OH]43; [O-]C(=O)c1ccc(cc1)c1ccc(cc1)C(=O)[O-].[O]12[Zr]34[OH]5[Zr]62[OH]2[Zr]71[OH]4[Zr]14[O]3[Zr]35[O]6[Zr]2([O]71)[OH]43; [O-]C(=O)c1ccc(cc1)c1ccc(cc1)C(=O)[O-].[Zn][O]([Zn])([Zn])[Zn]; [O-]C(=O)c1ccc(cc1)c1ccc(cc1)C(=O)[O-].[Zn][Zn]
[O-]C(=O)c1ccc(cc1)c1ccc(cc1)C1=C2C=CC(=N2)C(=c2ccc(=C(C3=NC(=C(c4[nH]c1cc4)c1ccc(cc1)c1ccc(cc1)C(=O)[O-])C=C3)c1ccc(cc1)c1ccc(cc1)C(=O)[O-])[nH]2)c1ccc(cc1)c1ccc(cc1)C(=O)[O-],,Zr,[O-]C(=O)c1ccc(cc1)c1ccc(cc1)C1=C2C=CC(=N2)C(=c2ccc(=C(C3=NC(=C(c4[nH]c1cc4)c1ccc(cc1)c1ccc(cc1)C(=O)[O-])C=C3)c1ccc(cc1)c1ccc(cc1)C(=O)[O-])[nH]2)c1ccc(cc1)c1ccc(cc1)C(=O)[O-].[O]12[Zr]34[OH]5[Zr]62[OH]2[Zr]71[OH]4[Zr]14[O]3[Zr]35[O]6[Zr]2([O]71)[OH]43
[O-]C(=O)c1ccc(cc1)c1ccc(cc1)C1=C2C=CC3=[N]2[Ni]24n5c1ccc5C(=C1[N]2=C(C=C1)C(=c1n4c(=C3c2ccc(cc2)c2ccc(cc2)C(=O)[O-])cc1)c1ccc(cc1)c1ccc(cc1)C(=O)[O-])c1ccc(cc1)c1ccc(cc1)C(=O)[O-],,Zr,[O-]C(=O)c1ccc(cc1)c1ccc(cc1)C1=C2C=CC3=[N]2[Ni]24n5c1ccc5C(=C1[N]2=C(C=C1)C(=c1n4c(=C3c2ccc(cc2)c2ccc(cc2)C(=O)[O-])cc1)c1ccc(cc1)c1ccc(cc1)C(=O)[O-])c1ccc(cc1)c1ccc(cc1)C(=O)[O-].[O]12[Zr]34[OH]5[Zr]62[OH]2[Zr]71[OH]4[Zr]14[O]3[Zr]35[O]6[Zr]2([O]71)[OH]43
[O-]C(=O)c1ccc(cc1)c1ccc(cc1)N(c1ccc(cc1)c1ccc(cc1)C(=O)[O-])c1ccc(cc1)c1ccc(cc1)C(=O)[O-],,Mn,[Mn].[O-]C(=O)c1ccc(cc1)c1ccc(cc1)N(c1ccc(cc1)c1ccc(cc1)C(=O)[O-])c1ccc(cc1)c1ccc(cc1)C(=O)[O-]
[O-]C(=O)c1ccc(cc1)c1ccc(cc1)c1cc(cc(c1)C(=O)[O-])C(=O)[O-],,Cu,[Cu][Cu].[O-]C(=O)c1ccc(cc1)c1ccc(cc1)c1cc(cc(c1)C(=O)[O-])C(=O)[O-]
[O-]C(=O)c1ccc(cc1)c1ccc(cc1)c1ccc(cc1)C(=O)[O-],4-[4-(4-carboxylatophenyl)phenyl]benzoate,Zr,[O-]C(=O)c1ccc(cc1)c1ccc(cc1)c1ccc(cc1)C(=O)[O-].[O]12[Zr]34[OH]5[Zr]62[OH]2[Zr]71[OH]4[Zr]14[O]3[Zr]35[O]6[Zr]2([O]71)[OH]43
[O-]C(=O)c1ccc(cc1)c1ccc(cc1)c1nc2c([nH]1)c1cccnc1c1c2cccn1,,Mn,[Mn].[O-]C(=O)c1ccc(cc1)c1ccc(cc1)c1nc2c([nH]1)c1cccnc1c1c2cccn1
[O-]C(=O)c1ccc(cc1)c1ccc(cc1C(=O)[O-])C(=O)[O-],,Co,[Co][OH2][Co][OH2][Co].[O-]C(=O)c1ccc(cc1)c1ccc(cc1C(=O)[O-])C(=O)[O-]
[O-]C(=O)c1ccc(cc1)c1ccc(nc1)C(=O)[O-],,Eu,[Eu]12[O]3[Eu]4[O]2[Eu]2[O]1[Eu]3[O]42.[O-]C(=O)c1ccc(cc1)c1ccc(nc1)C(=O)[O-]
[O-]C(=O)c1ccc(cc1)c1ccc2c(c1)c1cc(ccc1[nH]2)c1ccc(cc1)C(=O)[O-],,Zn,[O-]C(=O)c1ccc(cc1)c1ccc2c(c1)c1cc(ccc1[nH]2)c1ccc(cc1)C(=O)[O-].[Zn][O]([Zn])([Zn])[Zn]
[O-]C(=O)c1ccc(cc1)c1cccc(c1)c1ccc(cc1)C(=O)[O-],4-[3-(4-carboxylatophenyl)phenyl]benzoate,Hf,[O-]C(=O)c1ccc(cc1)c1cccc(c1)c1ccc(cc1)C(=O)[O-].[O]12[Hf]34[O]5[Hf]62[O]2[Hf]71[O]4[Hf]14[O]3[Hf]35[O]6[Hf]2([O]71)[O]43
[O-]C(=O)c1ccc(cc1)c1ccnc(c1)C(=O)[O-],4-(4-carboxylatophenyl)pyridine-2-carboxylate,Mg,[Mg].[O-]C(=O)c1ccc(cc1)c1ccnc(c1)C(=O)[O-].[OH]
[O-]C(=O)c1ccc(cc1)c1cncc(c1)c1ccc(cc1)C(=O)[O-],,"Cu, Er, Zn",[Cu][Cu].[Cu][O]1([Cu])[Cu][O]([Cu]1)([Cu])[Cu].[O-]C(=O)c1ccc(cc1)c1cncc(c1)c1ccc(cc1)C(=O)[O-]; [Er]12[OH]3[Er]4[OH]2[Er]2[OH]1[Er]3[OH]42.[O-]C(=O)c1ccc(cc1)c1cncc(c1)c1ccc(cc1)C(=O)[O-]; [O-]C(=O)c1ccc(cc1)c1cncc(c1)c1ccc(cc1)C(=O)[O-].[Zn]
[O-]C(=O)c1ccc(cc1)c1cncnc1,4-pyrimidin-5-ylbenzoate,Cu,I[Cu][Cu]I.[Cu][Cu].[O-]C(=O)c1ccc(cc1)c1cncnc1
[O-]C(=O)c1ccc(cc1)c1nc(c2ccc(cc2)C(=O)[O-])c(nc1c1ccc(cc1)C(=O)[O-])c1ccc(cc1)C(=O)[O-],,"Hf, Pb, Zr",[O-]C(=O)c1ccc(cc1)c1nc(c2ccc(cc2)C(=O)[O-])c(nc1c1ccc(cc1)C(=O)[O-])c1ccc(cc1)C(=O)[O-].[OH]12[Hf]34[OH]5[Hf]62[OH]2[Hf]71[OH]4[Hf]14[OH]3[Hf]35[OH]6[Hf]2([OH]71)[OH]43; [O-]C(=O)c1ccc(cc1)c1nc(c2ccc(cc2)C(=O)[O-])c(nc1c1ccc(cc1)C(=O)[O-])c1ccc(cc1)C(=O)[O-].[O]12[Zr]34[OH]5[Zr]62[OH]2[Zr]71[OH]4[Zr]14[O]3[Zr]35[O]6[Zr]2([O]71)[OH]43; [O-]C(=O)c1ccc(cc1)c1nc(c2ccc(cc2)C(=O)[O-])c(nc1c1ccc(cc1)C(=O)[O-])c1ccc(cc1)C(=O)[O-].[O]12[Zr]34[O]5[Zr]62[O]2[Zr]71[O]4[Zr]14[O]3[Zr]35[O]6[Zr]2([O]71)[O]43; [O-]C(=O)c1ccc(cc1)c1nc(c2ccc(cc2)C(=O)[O-])c(nc1c1ccc(cc1)C(=O)[O-])c1ccc(cc1)C(=O)[O-].[Pb]
[O-]C(=O)c1ccc(cc1)c1nn(nc1c1ccc(cc1)C(=O)[O-])c1ccccc1,,Zn,[O-]C(=O)c1ccc(cc1)c1nn(nc1c1ccc(cc1)C(=O)[O-])c1ccccc1.[Zn][Zn]
[O-]C(=O)c1ccc(cc1)n1ccnc1C,4-(2-methylimidazol-1-yl)benzoate,Cd,[Cd].[O-]C(=O)c1ccc(cc1)n1ccnc1C
[O-]C(=O)c1ccc(cc1)n1ccnc1c1nccn1c1ccc(cc1)C(=O)[O-],,"Cu, Ni, Zn",[Cu].[O-]C(=O)c1ccc(cc1)n1ccnc1c1nccn1c1ccc(cc1)C(=O)[O-]; [Ni].[O-]C(=O)c1ccc(cc1)n1ccnc1c1nccn1c1ccc(cc1)C(=O)[O-]; [O-]C(=O)c1ccc(cc1)n1ccnc1c1nccn1c1ccc(cc1)C(=O)[O-].[Zn]
[O-]C(=O)c1ccc(cc1)n1cnnc1,"4-(1,2,4-triazol-4-yl)benzoate","Cu, Zn",[Cu][OH]([Cu])[Cu].[O-]C(=O)c1ccc(cc1)n1cnnc1; [O-]C(=O)c1ccc(cc1)n1cnnc1.[Zn]
[O-]C(=O)c1ccc(cc1)n1nc(c(n1)c1ccc(cc1)C(=O)[O-])c1ccc(cc1)C(=O)[O-],,Zn,[O-]C(=O)c1ccc(cc1)n1nc(c(n1)c1ccc(cc1)C(=O)[O-])c1ccc(cc1)C(=O)[O-].[Zn].[Zn]O[Zn].[Zn][O]([Zn])[Zn]
[O-]C(=O)c1ccc(cc1)n1ncnc1,"4-(1,2,4-triazol-1-yl)benzoate",Cu,[Cu].[O-]C(=O)c1ccc(cc1)n1ncnc1
[O-]C(=O)c1ccc(cc1)n1nnc(c1)c1cc(cc(c1)c1nnn(c1)c1ccc(cc1)C(=O)[O-])c1nnn(c1)c1ccc(cc1)C(=O)[O-],,Zn,[O-]C(=O)c1ccc(cc1)n1nnc(c1)c1cc(cc(c1)c1nnn(c1)c1ccc(cc1)C(=O)[O-])c1nnn(c1)c1ccc(cc1)C(=O)[O-].[Zn].[Zn]O[Zn]
[O-]C(=O)c1ccc(cc1F)c1ccc(cc1)N(c1ccc(cc1)c1ccc(c(c1)F)C(=O)[O-])c1ccc(cc1)N(c1ccc(cc1)c1ccc(c(c1)F)C(=O)[O-])c1ccc(cc1)c1ccc(c(c1)F)C(=O)[O-],,Zn,[O-]C(=O)c1ccc(cc1F)c1ccc(cc1)N(c1ccc(cc1)c1ccc(c(c1)F)C(=O)[O-])c1ccc(cc1)N(c1ccc(cc1)c1ccc(c(c1)F)C(=O)[O-])c1ccc(cc1)c1ccc(c(c1)F)C(=O)[O-].[Zn]
[O-]C(=O)c1ccc(cc1NC1=NC(=[N]=C([N]1)Nc1cc(ccc1C(=O)[O-])C(=O)[O-])Nc1cccc(c1)C(=O)[O-])C(=O)[O-],,Zn,[O-]C(=O)c1ccc(cc1NC1=NC(=[N]=C([N]1)Nc1cc(ccc1C(=O)[O-])C(=O)[O-])Nc1cccc(c1)C(=O)[O-])C(=O)[O-].[Zn]
[O-]C(=O)c1ccc(cc1NC1=NC(=[N]=C([N]1)Nc1ccc(cc1)C(=O)[O-])Nc1cc(ccc1C(=O)[O-])C(=O)[O-])C(=O)[O-],,Zn,[O-]C(=O)c1ccc(cc1NC1=NC(=[N]=C([N]1)Nc1ccc(cc1)C(=O)[O-])Nc1cc(ccc1C(=O)[O-])C(=O)[O-])C(=O)[O-].[Zn]
[O-]C(=O)c1ccc(cc1c1cccc(n1)c1cc(ccc1C(=O)[O-])C(=O)[O-])C(=O)[O-],,Mn,[Mn].[O-]C(=O)c1ccc(cc1c1cccc(n1)c1cc(ccc1C(=O)[O-])C(=O)[O-])C(=O)[O-]
[O-]C(=O)c1ccc(cn1)C(=O)[O-],"2,5-pyridinedicarboxylate",In,[In].[O-]C(=O)c1ccc(cn1)C(=O)[O-]
[O-]C(=O)c1ccc(nc1)c1ccc(cn1)C(=O)[O-],6-(5-carboxylato-2-pyridinyl)pyridine-3-carboxylate,"Sc, Th",[O-]C(=O)c1ccc(nc1)c1ccc(cn1)C(=O)[O-].[Sc]; [O-]C(=O)c1ccc(nc1)c1ccc(cn1)C(=O)[O-].[Th]
[O-]C(=O)c1ccc(o1)C(=O)[O-],"furan-2,5-dicarboxylate","Al, Cd, Ce, Eu, Fe, Pr, Zn",F[Fe](F)(F)F.F[Fe](F)F.[Fe].[O-]C(=O)c1ccc(o1)C(=O)[O-]; [Al].[O-]C(=O)c1ccc(o1)C(=O)[O-].[OH]; [Cd].[O-]C(=O)c1ccc(o1)C(=O)[O-]; [Ce].[O-]C(=O)c1ccc(o1)C(=O)[O-]; [Eu].[O-]C(=O)c1ccc(o1)C(=O)[O-]; [O-]C(=O)c1ccc(o1)C(=O)[O-].[Pr]; [O-]C(=O)c1ccc(o1)C(=O)[O-].[Zn]
[O-]C(=O)c1ccc(s1)C(=O)[O-],"thiophene-2,5-dicarboxylate","Co, Zn",[Co][OH2][Co].[O-]C(=O)c1ccc(s1)C(=O)[O-]; [O-]C(=O)c1ccc(s1)C(=O)[O-].[O]P(=O)[O].[Zn]
[O-]C(=O)c1ccc(s1)c1ccc(cc1)N(c1ccc(cc1)c1ccc(s1)C(=O)[O-])c1ccc(cc1)c1ccc(s1)C(=O)[O-],,Cu,[Cu][Cu].[O-]C(=O)c1ccc(s1)c1ccc(cc1)N(c1ccc(cc1)c1ccc(s1)C(=O)[O-])c1ccc(cc1)c1ccc(s1)C(=O)[O-]
[O-]C(=O)c1ccc2-c3c(Cc2c1)cc(cc3)C(=O)[O-],"9H-fluorene-2,7-dicarboxylate",Zn,[O-]C(=O)c1ccc2-c3c(Cc2c1)cc(cc3)C(=O)[O-].[Zn][OH]([Zn]([OH]([Zn])[Zn])[OH]([Zn])[Zn])[Zn]; [O-]C(=O)c1ccc2-c3c(Cc2c1)cc(cc3)C(=O)[O-].[Zn][OH]([Zn][OH]([Zn])[Zn])[Zn]; [O-]C(=O)c1ccc2-c3c(Cc2c1)cc(cc3)C(=O)[O-].[Zn][O]1([Zn])[Zn]23[Zn]1([O]2([Zn])[Zn])[O]3([Zn])[Zn]
[O-]C(=O)c1ccc2-c3c(S(=O)(=O)c2c1)cc(cc3)C(c1ccc2-c3c(S(=O)(=O)c2c1)cc(cc3)C(=O)[O-])(c1ccc2-c3c(S(=O)(=O)c2c1)cc(cc3)C(=O)[O-])c1ccc2-c3c(S(=O)(=O)c2c1)cc(cc3)C(=O)[O-],,"Hf, Zr",[O-]C(=O)c1ccc2-c3c(S(=O)(=O)c2c1)cc(cc3)C(c1ccc2-c3c(S(=O)(=O)c2c1)cc(cc3)C(=O)[O-])(c1ccc2-c3c(S(=O)(=O)c2c1)cc(cc3)C(=O)[O-])c1ccc2-c3c(S(=O)(=O)c2c1)cc(cc3)C(=O)[O-].[O]12[Hf]34[O]5[Hf]62[O]2[Hf]71[O]4[Hf]14[O]3[Hf]35[O]6[Hf]2([O]71)[O]43; [O-]C(=O)c1ccc2-c3c(S(=O)(=O)c2c1)cc(cc3)C(c1ccc2-c3c(S(=O)(=O)c2c1)cc(cc3)C(=O)[O-])(c1ccc2-c3c(S(=O)(=O)c2c1)cc(cc3)C(=O)[O-])c1ccc2-c3c(S(=O)(=O)c2c1)cc(cc3)C(=O)[O-].[O]12[Zr]34[O]5[Zr]62[O]2[Zr]71[O]4[Zr]14[O]3[Zr]35[O]6[Zr]2([O]71)[O]43
[O-]C(=O)c1ccc2c(c1)[nH]c(n2)c1cccnc1,2-pyridin-3-yl-3H-benzimidazole-5-carboxylate,Zn,[O-]C(=O)c1ccc2c(c1)[nH]c(n2)c1cccnc1.[Zn]
[O-]C(=O)c1ccc2c(c1)[nH]cn2,benzimidazole-5-carboxylate,Co,[Co].[O-]C(=O)c1ccc2c(c1)[nH]cn2
[O-]C(=O)c1ccc2c(c1)c1cc(ccc1n2Cc1ccc(cc1)Cn1c2ccc(cc2c2c1ccc(c2)C(=O)[O-])C(=O)[O-])C(=O)[O-],,Co,[Co][OH]1[Co][OH2][Co]21[OH2][Co][OH]2[Co].[O-]C(=O)c1ccc2c(c1)c1cc(ccc1n2Cc1ccc(cc1)Cn1c2ccc(cc2c2c1ccc(c2)C(=O)[O-])C(=O)[O-])C(=O)[O-]
[O-]C(=O)c1ccc2c(c1)c1cc(ccc1n2c1ccc(cc1)c1ccc(cc1)n1c2ccc(cc2c2c1ccc(c2)C(=O)[O-])C(=O)[O-])C(=O)[O-],"9-[4-[4-(3,6-dicarboxylatocarbazol-9-yl)phenyl]phenyl]carbazole-3,6-dicarboxylate","Co, Cu, Fe, Mn, Ni, Zn",[Co][Co].[O-]C(=O)c1ccc2c(c1)c1cc(ccc1n2c1ccc(cc1)c1ccc(cc1)n1c2ccc(cc2c2c1ccc(c2)C(=O)[O-])C(=O)[O-])C(=O)[O-]; [Cu][Cu].[O-]C(=O)c1ccc2c(c1)c1cc(ccc1n2c1ccc(cc1)c1ccc(cc1)n1c2ccc(cc2c2c1ccc(c2)C(=O)[O-])C(=O)[O-])C(=O)[O-]; [Fe][Fe].[O-]C(=O)c1ccc2c(c1)c1cc(ccc1n2c1ccc(cc1)c1ccc(cc1)n1c2ccc(cc2c2c1ccc(c2)C(=O)[O-])C(=O)[O-])C(=O)[O-]; [Mn][Mn].[O-]C(=O)c1ccc2c(c1)c1cc(ccc1n2c1ccc(cc1)c1ccc(cc1)n1c2ccc(cc2c2c1ccc(c2)C(=O)[O-])C(=O)[O-])C(=O)[O-]; [Ni][Ni].[O-]C(=O)c1ccc2c(c1)c1cc(ccc1n2c1ccc(cc1)c1ccc(cc1)n1c2ccc(cc2c2c1ccc(c2)C(=O)[O-])C(=O)[O-])C(=O)[O-]; [O-]C(=O)c1ccc2c(c1)c1cc(ccc1n2c1ccc(cc1)c1ccc(cc1)n1c2ccc(cc2c2c1ccc(c2)C(=O)[O-])C(=O)[O-])C(=O)[O-].[Zn][Zn]
[O-]C(=O)c1ccc2c(c1)c1cc(ccc1n2c1ccccc1)C(=O)[O-],,Zn,[O-]C(=O)c1ccc2c(c1)c1cc(ccc1n2c1ccccc1)C(=O)[O-].[Zn][O]([Zn])([Zn])[Zn]
[O-]C(=O)c1ccc2c(c1)c1ccc(cc1c1c2cc(cc1)C(=O)[O-])C(=O)[O-],"triphenylene-2,6,10-tricarboxylate",Eu,[Eu].[O-]C(=O)c1ccc2c(c1)c1ccc(cc1c1c2cc(cc1)C(=O)[O-])C(=O)[O-]
[O-]C(=O)c1ccc2c(c1)ccc(c2)C(=O)[O-],CHEMBL99236,"Eu, Yb, Zn, Zr",[Eu].[O-]C(=O)c1ccc2c(c1)ccc(c2)C(=O)[O-]; [O-]C(=O)c1ccc2c(c1)ccc(c2)C(=O)[O-].[O]12[Zr]34[O]5[Zr]62[O]2[Zr]71[O]4[Zr]14[O]3[Zr]35[O]6[Zr]2([O]71)[O]43; [O-]C(=O)c1ccc2c(c1)ccc(c2)C(=O)[O-].[Yb]; [O-]C(=O)c1ccc2c(c1)ccc(c2)C(=O)[O-].[Zn][Zn]
[O-]C(=O)c1ccc2c(c1)ccc(c2)OCC(COc1ccc2c(c1)ccc(c2)C(=O)[O-])(COc1ccc2c(c1)ccc(c2)C(=O)[O-])COc1ccc2c(c1)ccc(c2)C(=O)[O-],,Cu,[Cu][Cu].[O-]C(=O)c1ccc2c(c1)ccc(c2)OCC(COc1ccc2c(c1)ccc(c2)C(=O)[O-])(COc1ccc2c(c1)ccc(c2)C(=O)[O-])COc1ccc2c(c1)ccc(c2)C(=O)[O-]
[O-]C(=O)c1ccc2c(c1)ccc(n2)C(=O)[O-],"quinoline-2,6-dicarboxylate",Zn,[O-]C(=O)c1ccc2c(c1)ccc(n2)C(=O)[O-].[Zn]
[O-]C(=O)c1cccc(c1)C(=O)[O-],"1,3-benzenedicarboxylate","Cu, Zn",[Cu].[O-]C(=O)c1cccc(c1)C(=O)[O-]; [O-]C(=O)c1cccc(c1)C(=O)[O-].[Zn]; [O-]C(=O)c1cccc(c1)C(=O)[O-].[Zn][OH]1[Zn][OH]([Zn]21[OH]([Zn])[Zn][OH]2[Zn])[Zn]
[O-]C(=O)c1cccc(c1)CN(Cc1cccc(c1)C(=O)[O-])Cc1ccc(cc1)CN(Cc1cccc(c1)C(=O)[O-])Cc1cccc(c1)C(=O)[O-],,Cu,[Cu][Cu].[O-]C(=O)c1cccc(c1)CN(Cc1cccc(c1)C(=O)[O-])Cc1ccc(cc1)CN(Cc1cccc(c1)C(=O)[O-])Cc1cccc(c1)C(=O)[O-]
[O-]C(=O)c1cccc(c1)OCc1cc(cc(c1)C(=O)[O-])C(=O)[O-],,Zn,[O-]C(=O)c1cccc(c1)OCc1cc(cc(c1)C(=O)[O-])C(=O)[O-].[Zn][OH]1[Zn][OH]([Zn]1)[Zn]
[O-]C(=O)c1cccc(c1)c1ccncc1,3-pyridin-4-ylbenzoate,"Cd, Co, Ni, Zn",[Cd].[O-]C(=O)c1cccc(c1)c1ccncc1; [Co].[O-]C(=O)c1cccc(c1)c1ccncc1; [Ni].[O-]C(=O)c1cccc(c1)c1ccncc1; [O-]C(=O)c1cccc(c1)c1ccncc1.[Zn]
[O-]C(=O)c1ccccc1C(=O)[O-],,Cu,[Cu][OH]1[Cu][OH]([Cu]1)[Cu].[O-]C(=O)c1ccccc1C(=O)[O-]
[O-]C(=O)c1ccnc(c1)C(=O)[O-],lutidinate,Co,[Co].[O-]C(=O)c1ccnc(c1)C(=O)[O-].[OH]
[O-]C(=O)c1ccnc(c1)c1nccc(c1)C(=O)[O-],DTXSID20987602,La,[La].[O-]C(=O)c1ccnc(c1)c1nccc(c1)C(=O)[O-]
[O-]C(=O)c1ccncc1,Isonicotinate,"Co, Eu, Mg, Ni",I[Cu][Cu]I.[Eu].[O-]C(=O)c1ccncc1; [Co].[Co]O[Co].[O-]C(=O)c1ccncc1; [Co][OH]1[Co][OH]([Co]1)[Co].[O-]C(=O)c1ccncc1; [Mg].[O-]C(=O)c1ccncc1; [Ni].[O-]C(=O)c1ccncc1
[O-]C(=O)c1ccncc1N,3-aminopyridine-4-carboxylate,"Ni, Zn",[Ni].[O-]C(=O)c1ccncc1N; [O-]C(=O)c1ccncc1N.[Zn]
[O-]C(=O)c1cnc(nc1)c1ncc(cn1)C(=O)[O-],,Eu,[O-]C(=O)c1cnc(nc1)c1ncc(cn1)C(=O)[O-].[O]12[Eu]34[O]5[Eu]62[O]2[Eu]71[O]4[Eu]14[O]3[Eu]35[O]6[Eu]2([O]71)[O]43
[O-]C(=O)c1cncc(c1)C(=O)[O-],"pyridine-3,5-dicarboxylate","Cu, Pr, Zn",O[Cu]O.[Cu].[Cu][Cu].[O-]C(=O)c1cncc(c1)C(=O)[O-]; [O-]C(=O)c1cncc(c1)C(=O)[O-].[Pr]; [O-]C(=O)c1cncc(c1)C(=O)[O-].[Zn]
[O-]C(=O)c1cncc(c1)Oc1ccc(c(c1)C(=O)[O-])C(=O)O,,Cu,[Cu][Cu].[O-]C(=O)c1cncc(c1)Oc1ccc(c(c1)C(=O)[O-])C(=O)O
[O-]C(=O)c1cncc(c1)c1cc(cc(c1)C(=O)[O-])C(=O)[O-],,"Cd, Zn",[Cd].[O-]C(=O)c1cncc(c1)c1cc(cc(c1)C(=O)[O-])C(=O)[O-]; [O-]C(=O)c1cncc(c1)c1cc(cc(c1)C(=O)[O-])C(=O)[O-].[Zn]
[O-]C(=O)c1csc(n1)c1ccncc1,"2-pyridin-4-yl-1,3-thiazole-4-carboxylate",Cu,[Cu].[O-]C(=O)c1csc(n1)c1ccncc1
[O-]C(=O)c1ncc(nc1)C(=O)[O-],205692-63-3,Y,[O-]C(=O)c1ncc(nc1)C(=O)[O-].[Y]
[O-]C(=O)c1sc2c(c1)sc1c2sc(c1)C(=O)[O-],"3,7,11-trithiatricyclo[6.3.0.02,6]undeca-1(8),2(6),4,9-tetraene-4,10-dicarboxylate","Bi, Cu",[Bi].[O-]C(=O)c1sc2c(c1)sc1c2sc(c1)C(=O)[O-]; [Cu][Cu].[O-]C(=O)c1sc2c(c1)sc1c2sc(c1)C(=O)[O-]
[O-]C=O,formate,"Mn, Zn",[Mn].[O-]C=O; [O-]C=O.[Zn]
[O-][n+]1cc(ccc1c1cc(cc(c1)C(=O)[O-])C(=O)[O-])C(=O)[O-],,Cu,[Cu][Cu].[O-][n+]1cc(ccc1c1cc(cc(c1)C(=O)[O-])C(=O)[O-])C(=O)[O-]
[O-][n+]1ccc(cc1)C(=O)[O-],1-oxidopyridin-1-ium-4-carboxylate,"Dy, La, Lu, Nd",[Dy].[O-][n+]1ccc(cc1)C(=O)[O-]; [La].[O-][n+]1ccc(cc1)C(=O)[O-]; [Lu].[O-][n+]1ccc(cc1)C(=O)[O-]; [Nd].[O-][n+]1ccc(cc1)C(=O)[O-]
[O]CC(c1ccncc1)(C[O])C[O],20845-48-1,Sb,I[Cu][Cu]I.[O]CC(c1ccncc1)(C[O])C[O].[Sb]
[O]N1C(=O)c2ccc3c4c2c(C1=O)ccc4C(=O)N(C3=O)[O],"2,7-Dihydroxybenzo[lmn][3,8]phenanthroline-1,3,6,8(2H,7H)-tetraone","La, Sm",[La].[O]N1C(=O)c2ccc3c4c2c(C1=O)ccc4C(=O)N(C3=O)[O]; [O]N1C(=O)c2ccc3c4c2c(C1=O)ccc4C(=O)N(C3=O)[O].[Sm]
[O]NC(=O)c1cc(cc(c1)C(=O)N[O])c1cc(cc(c1)C(=O)N[O])C(=O)N[O],"N3,N3',N5,N5'-Tetrahydroxy-[1,1'-biphenyl]-3,3',5,5'-tetracarboxamide",Fe,[Fe].[O]NC(=O)c1cc(cc(c1)C(=O)N[O])c1cc(cc(c1)C(=O)N[O])C(=O)N[O]
[O]P(=O)(C[NH](CP(=O)([O])[O])Cc1ccc(cc1)S([O])([O])[O])[O],,Pb,[O]P(=O)(C[NH](CP(=O)([O])[O])Cc1ccc(cc1)S([O])([O])[O])[O].[Pb]
[O]P(=O)(C[NH]1CCC(CC1)C1CC[NH](CC1)CP(=O)([O])[O])[O],,La,[La].[O]P(=O)(C[NH]1CCC(CC1)C1CC[NH](CC1)CP(=O)([O])[O])[O]
[O]P(=O)(Cc1cc(CP(=O)([O])[O])c(cc1CP(=O)([O])[O])CP(=O)([O])[O])[O],69303-28-2,La,[La].[O]P(=O)(Cc1cc(CP(=O)([O])[O])c(cc1CP(=O)([O])[O])CP(=O)([O])[O])[O]
[O]S(c1cccc2c1cccc2S([O])([O])[O])([O])[O],4lq9,Pr,[O]S(c1cccc2c1cccc2S([O])([O])[O])([O])[O].[Pr]
[O]c1c(Cl)c([O])c(c(c1[O])Cl)[O],SCHEMBL8835892,In,[In].[O]c1c(Cl)c([O])c(c(c1[O])Cl)[O]
[O]c1c(c2ccc(cc2)C(=O)[O-])c2ccc3c4c2c(c1c1ccc(cc1)C(=O)[O-])ccc4c(c(c3c1ccc(cc1)C(=O)[O-])[O])c1ccc(cc1)C(=O)[O-],,Zr,[O]12[Zr]34[O]5[Zr]62[O]2[Zr]71[O]4[Zr]14[O]3[Zr]35[O]6[Zr]2([O]71)[O]43.[O]c1c(c2ccc(cc2)C(=O)[O-])c2ccc3c4c2c(c1c1ccc(cc1)C(=O)[O-])ccc4c(c(c3c1ccc(cc1)C(=O)[O-])[O])c1ccc(cc1)C(=O)[O-]
[O]c1c(cc(cc1c1ccc(cc1)C(=O)[O-])c1cc(c2ccc(cc2)C(=O)[O-])c(c(c1)c1ccc(cc1)C(=O)[O-])[O])c1ccc(cc1)C(=O)[O-],,Zr,[O]12[Zr]34[O]5[Zr]62[O]2[Zr]71[O]4[Zr]14[O]3[Zr]35[O]6[Zr]2([O]71)[O]43.[O]c1c(cc(cc1c1ccc(cc1)C(=O)[O-])c1cc(c2ccc(cc2)C(=O)[O-])c(c(c1)c1ccc(cc1)C(=O)[O-])[O])c1ccc(cc1)C(=O)[O-]
[O]c1cc(cc(c1[O])[O])C1=C2C=CC(=N2)C=c2ccc(=C(C3=NC(=Cc4[nH]c1cc4)C=C3)c1cc([O])c(c(c1)[O])[O])[nH]2,,Zr,[O]c1cc(cc(c1[O])[O])C1=C2C=CC(=N2)C=c2ccc(=C(C3=NC(=Cc4[nH]c1cc4)C=C3)c1cc([O])c(c(c1)[O])[O])[nH]2.[Zr]
[O]c1cc(ccc1[O])C1=NC(=[N]=C([N]1)c1ccc(c(c1)[O])[O])c1ccc(c(c1)[O])[O],,Ti,[O]c1cc(ccc1[O])C1=NC(=[N]=C([N]1)c1ccc(c(c1)[O])[O])c1ccc(c(c1)[O])[O].[Ti]
[nH]1[n-]cc(c1)C1=C2C=CC3=[N]2[Co]24n5c1ccc5C(=C1[N]2=C(C=C1)C(=c1n4c(=C3c2c[n-][nH]c2)cc1)c1c[n-][nH]c1)c1c[n-][nH]c1,,Co,[Co].[nH]1[n-]cc(c1)C1=C2C=CC3=[N]2[Co]24n5c1ccc5C(=C1[N]2=C(C=C1)C(=c1n4c(=C3c2c[n-][nH]c2)cc1)c1c[n-][nH]c1)c1c[n-][nH]c1
[nH]1[n-]cc(c1)C1=C2C=CC3=[N]2[Mn]24n5c1ccc5C(=C1[N]2=C(C=C1)C(=c1n4c(=C3c2c[n-][nH]c2)cc1)c1c[n-][nH]c1)c1c[n-][nH]c1,,Co,[Co].[nH]1[n-]cc(c1)C1=C2C=CC3=[N]2[Mn]24n5c1ccc5C(=C1[N]2=C(C=C1)C(=c1n4c(=C3c2c[n-][nH]c2)cc1)c1c[n-][nH]c1)c1c[n-][nH]c1
c1ccc(cc1)C1=C2C=CC(=C(c3ccncc3)C3=NC(=C(C4=CC=C(C(=C5N=C1C=C5)c1ccncc1)[N]4)c1ccccc1)C=C3)[N]2,71410-72-5,Co,[Co].c1ccc(cc1)C1=C2C=CC(=C(c3ccncc3)C3=NC(=C(C4=CC=C(C(=C5N=C1C=C5)c1ccncc1)[N]4)c1ccccc1)C=C3)[N]2
c1ccc2c(c1)N=C[N]2,BENZIMIDAZOLE,Cd,[Cd].c1ccc2c(c1)N=C[N]2
c1nc2c([nH]1)cc1c(c2)[nH]cn1,50738-59-5,Cu,[Cu].[O]S(=O)(=O)[O].c1nc2c([nH]1)cc1c(c2)[nH]cn1
c1ncn(c1)c1cc(n2cncc2)c(cc1n1cncc1)n1cncc1,"1,2,4,5-Tetra(1H-imidazol-1-yl)benzene",Ag,[Ag].c1ncn(c1)c1cc(n2cncc2)c(cc1n1cncc1)n1cncc1
c1ncn(c1)c1ccc(cc1)C(c1ccc(cc1)n1cncc1)(c1ccc(cc1)n1cncc1)c1ccc(cc1)n1cncc1,1258859-29-8,Ag,[Ag].c1ncn(c1)c1ccc(cc1)C(c1ccc(cc1)n1cncc1)(c1ccc(cc1)n1cncc1)c1ccc(cc1)n1cncc1
c1ncn(c1)c1ccc(cc1)N(c1ccc(cc1)n1cncc1)c1ccc(cc1)n1cncc1,Tris(4-(1H-imidazol-1-yl)phenyl)amine,Zn,[Zn].c1ncn(c1)c1ccc(cc1)N(c1ccc(cc1)n1cncc1)c1ccc(cc1)n1cncc1; [Zn][OH][Zn].c1ncn(c1)c1ccc(cc1)N(c1ccc(cc1)n1cncc1)c1ccc(cc1)n1cncc1
c1ncn(c1)c1ccc(cc1)n1cncc1,25372-07-0,Cu,[Cu].c1ncn(c1)c1ccc(cc1)n1cncc1
n1cc([nH]c1)c1ccc(cc1)c1[nH]cnc1,"1,4-di(1h-imidazol-4-yl)benzene",Co,[Co].n1cc([nH]c1)c1ccc(cc1)c1[nH]cnc1
n1ccc(cc1)C#CC#Cc1ccncc1,"4-[4-(PYRIDIN-4-YL)BUTA-1,3-DIYN-1-YL]PYRIDINE",Cu,[Cu].n1ccc(cc1)C#CC#Cc1ccncc1
n1ccc(cc1)C#Cc1ccc(cc1)C#Cc1ccncc1,"1,4-Bis(pyridin-4-ylethynyl)benzene","Co, Cu",[Co].n1ccc(cc1)C#Cc1ccc(cc1)C#Cc1ccncc1; [Cu].n1ccc(cc1)C#Cc1ccc(cc1)C#Cc1ccncc1
n1ccc(cc1)C#Cc1ccncc1,"1,2-Di(pyridin-4-yl)ethyne",Cu,[Cu].n1ccc(cc1)C#Cc1ccncc1
n1ccc(cc1)C1=C2C=CC(=C(c3ccncc3)C3=NC(=C(C4=CC=C(C(=C5N=C1C=C5)c1ccncc1)[N]4)c1ccncc1)C=C3)[N]2,"5,10,15,20-Tetra(4-pyridyl)porphyrin",Co,[Co].n1ccc(cc1)C1=C2C=CC(=C(c3ccncc3)C3=NC(=C(C4=CC=C(C(=C5N=C1C=C5)c1ccncc1)[N]4)c1ccncc1)C=C3)[N]2
n1ccc(cc1)C1=C2C=CC3=[N]2[Cu]24n5c1ccc5C(=C1[N]2=C(C=C1)C(=c1n4c(=C3c2ccncc2)cc1)c1ccncc1)c1ccncc1,"5,10,15,20-(TETRA(4-PYRIDYL)PORPHINATO)COPPER(II)",Cu,[Cu][Cu].n1ccc(cc1)C1=C2C=CC3=[N]2[Cu]24n5c1ccc5C(=C1[N]2=C(C=C1)C(=c1n4c(=C3c2ccncc2)cc1)c1ccncc1)c1ccncc1
n1ccc(cc1)C=Cc1ccncc1,"Pyridine, 4,4'-(1,2-ethenediyl)bis-","Ni, Zn",[Ni].n1ccc(cc1)C=Cc1ccncc1; [Zn].n1ccc(cc1)C=Cc1ccncc1
n1ccc(cc1)Sc1ccncc1,37968-97-1,Zn,[Zn].n1ccc(cc1)Sc1ccncc1
n1ccc(cc1)c1cc(c2ccncc2)c(cc1c1ccncc1)c1ccncc1,170165-81-8,Cd,[S][Cd][S].n1ccc(cc1)c1cc(c2ccncc2)c(cc1c1ccncc1)c1ccncc1
n1ccc(cc1)c1ccc(cc1)c1ccncc1,113682-56-7,"Cu, Zn",[Cu].n1ccc(cc1)c1ccc(cc1)c1ccncc1; [O]P(=O)(O)[O].[Zn].n1ccc(cc1)c1ccc(cc1)c1ccncc1
n1ccc(cc1)c1ccncc1,"4,4'-Bipyridine","Ag, Cu",[Ag][Ag]1[Ag]234[Ag]1([Ag]4[Ag])([Ag][Ag]3)[Ag][Ag]2.n1ccc(cc1)c1ccncc1; [Ag][Ag][Ag]12[Ag]([Ag]2([Ag]1[Ag])[Ag][Ag])[Ag].n1ccc(cc1)c1ccncc1; [Cu].n1ccc(cc1)c1ccncc1
n1ccc(cc1)c1nnc(s1)c1ccncc1,15311-09-8,Cu,[Cu].[O]S(=O)(=O)[O].n1ccc(cc1)c1nnc(s1)c1ccncc1
n1ccncc1,PYRAZINE,"Ni, Zn",[Ni].n1ccncc1; [Zn].n1ccncc1
n1n[nH]c(n1)c1ccc(cc1)C1=C2C=CC(=C(c3ccc(cc3)c3[nH]nnn3)C3=NC(=C(C4=CC=C(C(=C5N=C1C=C5)c1ccc(cc1)c1[nH]nnn1)[N]4)c1ccc(cc1)c1[nH]nnn1)C=C3)[N]2,SCHEMBL6841530,Co,[Co].n1n[nH]c(n1)c1ccc(cc1)C1=C2C=CC(=C(c3ccc(cc3)c3[nH]nnn3)C3=NC(=C(C4=CC=C(C(=C5N=C1C=C5)c1ccc(cc1)c1[nH]nnn1)[N]4)c1ccc(cc1)c1[nH]nnn1)C=C3)[N]2
